3170455b9137914bef066c4f8f2d1131a1aac0e57f10452bb351b78364649ecb,72c2b1fcdfdf25f6623762e64e7c3327958185b54b523f0ef24cce0be7738f8a,84505e5553335cd8104d8903e350271968a0f524988bf8e7036122a045d29658,39d693bc1075b12938f599f022cf7f753008949679301f91b15cbb5d86d75c5d,b141bc0d915ea0a8439fd3516c969a066e3933a550bb34f0097422f1b76f5412,945e4d1cd6146fb1be5f5b7e40734ef800a63834295b0d832db2534e34477e32,0e776814657efa2207fc374f3b8ec6df67cf60f8bcb5305d5a16c17050a1312c,e45c43fffdd2383e74a2fb4eaa56dbcf808162c108058501841724c9733e253f,eed6bf55e4a619af7e0900af6be6ee4d9882ff4b5e57b7b16967e576ea17236b,6f333fa454a8c028afded0532fdd2215487c825116c3b307232a42d255bfd0d1,1b66e6d3988c6332d3cb27ee311007011daeb9c5c4938bf2ba519c12a6d7b64d,c05f4b0e9aad09dcaf794304619a35ced5f3d22606b1d902b5db3f3da66698b0,873deff7a846093b5c030e5bff4fefda717fe500e09c1dfb563448fb2cf674c3,1dde6acbb4dde53fe0ef5f9b2542581601b35c1b19afff4cf81b07e296ebbe39,8193876389c08776866cb58f690539b09192e7ef99a7cbc5c3ed99dc6afd3963,c608c6f869b9be8bb461e6708a62a925c4b5e580f94324ee7b8e0e1b0e342f4e,049d7f97d1e035b64b84159d62acb30c2a5bdc016b7712e2e09547bcb92e4074,b583ef875e5a421491f76c878fc5e3313fd96060ed8de9f19597db29e387e16e,f189b84ee29edb88794366e52218d129eed82d1d673f43562c36d4abbf1593b1,52a3cbcac6b1c25d65723e014d3320cc7cea0d540c66bf3c34636c9bd9a75cd3,61ac6a097fd098309b89c9e6edb6be4869dc5edee1179690a6d92e39d46a8624,337c0c4e04dd844cf4ebc3ab7677294a90131fe394d044470b6a8fa4a6431714,af3413a47157609c18e7167bcc6ace0333926f4ac13f0edb93aced26ed878ddf,2b11dfca02c3ad5f32432add12de60d063aaf97cfb6976b55868ca3f884f0ca9,273cd639d940a95b8c9e2f0c7637fea280b25bb0daaf5c07c8fdcdfde0dbbbc2,3c998d02273271c1cd0f91427614b170af9b4c4de2c8faa5551fa0d13dff8182
"0","1","0","-379","100198","1","0","0","bgm_MC131","0","377","0","bgm_MC131","0","0.8","0","-190","1","-1","188","0.8","0.8","100198","81001001","0.8","0.8"
"0","1","0","-379","100198","1","0","0","bgm_MC131","0","377","0","bgm_MC131","0","0.8","0","-190","1","-1","188","0.8","0.8","100198","81001002","0.8","0.8"
"0","1","0","-379","100198","1","0","0","bgm_MC131","0","377","0","bgm_MC131","0","0.8","0","-190","1","-1","188","0.8","0.8","100198","81001003","0.8","0.8"
"0","1","0","-379","100198","1","0","0","bgm_MC131","0","377","0","bgm_MC131","0","0.8","0","-190","1","-1","188","0.8","0.8","100198","81001004","0.8","0.8"
"0","1","0","-379","100198","1","0","0","bgm_MC131","0","377","0","bgm_MC131","0","0.8","0","-190","1","-1","188","0.8","0.8","100198","81001005","0.8","0.8"
"0","1","0","-379","100198","2","0","0","bgm_MC131","0","377","0","bgm_MC131","0","0.8","0","-190","1","-1","188","0.8","0.8","100198","81001006","0.8","0.8"
"0","1","0","-379","100198","1","0","0","bgm_MC131","0","377","0","bgm_MC131","0","0.8","0","-190","1","-1","188","0.8","0.8","100198","81001007","0.8","0.8"
"0","1","0","-379","100198","1","0","0","bgm_MC131","0","377","0","bgm_MC131","0","0.8","0","-190","1","-1","188","0.8","0.8","100198","81001008","0.8","0.8"
"0","1","0","-379","100198","1","0","0","bgm_MC131","0","377","0","bgm_MC131","0","0.8","0","-190","1","-1","188","0.8","0.8","100198","81001009","0.8","0.8"
"-20","1","60","0","100198","3","-10","0","bgm_MC131","0","0","0","bgm_MC131","0","0","0","0","1","0","0","0","0","100198","81001010","0.9","0"
"0","1","0","-379","100198","1","0","0","bgm_MC131","0","377","0","bgm_MC131","0","0.8","0","-190","1","-1","188","0.8","0.8","100198","81001011","0.8","0.8"
"0","1","0","-379","100198","1","0","0","bgm_MC131","0","377","0","bgm_MC131","0","0.8","0","-190","1","-1","188","0.8","0.8","100198","81001012","0.8","0.8"
"0","1","0","-379","100198","2","0","0","bgm_MC131","0","377","0","bgm_MC131","0","0.8","0","-190","1","-1","188","0.8","0.8","100198","81001013","0.8","0.8"
"0","1","0","-379","100198","1","0","0","bgm_MC131","0","377","0","bgm_MC131","0","0.8","0","-190","1","-1","188","0.8","0.8","100198","81001014","0.8","0.8"
"0","1","0","-379","100198","1","0","0","bgm_MC131","0","377","0","bgm_MC131","0","0.8","0","-190","1","-1","188","0.8","0.8","100198","81001015","0.8","0.8"
"0","1","0","-379","100198","2","0","0","bgm_MC131","0","377","0","bgm_MC131","0","0.8","0","-190","1","-1","188","0.8","0.8","100198","81001016","0.8","0.8"
"0","1","0","-379","100198","1","0","0","bgm_MC131","0","377","0","bgm_MC131","0","0.8","0","-190","1","-1","188","0.8","0.8","100198","81001017","0.8","0.8"
"0","1","0","-379","100198","1","0","0","bgm_MC131","0","377","0","bgm_MC131","0","0.8","0","-190","1","-1","188","0.8","0.8","100198","81001018","0.8","0.8"
"0","1","0","-379","100198","1","0","0","bgm_MC131","0","377","0","bgm_MC131","0","0.8","0","-190","1","-1","188","0.8","0.8","100198","81001019","0.8","0.8"
"0","0.9","50","0","100198","3","-20","0","bgm_MC131","0","0","0","bgm_MC131","0","0","0","0","0.9","0","0","0","0","100198","81001020","0.8","0"
"0","1","0","-379","100198","1","0","0","bgm_MC131","0","377","0","bgm_MC131","0","0.8","0","-190","1","-1","188","0.8","0.8","100198","81001021","0.8","0.8"
"0","1","0","-379","100198","1","0","0","bgm_MC131","0","377","0","bgm_MC131","0","0.8","0","-190","1","-1","188","0.8","0.8","100198","81001022","0.8","0.8"
"0","1","0","-379","100198","2","0","0","bgm_MC131","0","377","0","bgm_MC131","0","0.8","0","-190","1","-1","188","0.8","0.8","100198","81001023","0.8","0.8"
"0","1","0","-379","100198","1","0","0","bgm_MC131","0","377","0","bgm_MC131","0","0.8","0","-190","1","-1","188","0.8","0.8","100198","81001024","0.8","0.8"
"0","1","0","-379","100198","1","0","0","bgm_MC131","0","377","0","bgm_MC131","0","0.8","0","-190","1","-1","188","0.8","0.8","100198","81001025","0.8","0.8"
"0","1","0","-379","100198","2","0","0","bgm_MC131","0","377","0","bgm_MC131","0","0.8","0","-190","1","-1","188","0.8","0.8","100198","81001026","0.8","0.8"
"0","1","0","-379","100198","1","0","0","bgm_MC131","0","377","0","bgm_MC131","0","0.8","0","-190","1","-1","188","0.8","0.8","100198","81001027","0.8","0.8"
"0","1","0","-379","100198","1","0","0","bgm_MC131","0","377","0","bgm_MC131","0","0.8","0","-190","1","-1","188","0.8","0.8","100198","81001028","0.8","0.8"
"0","1","0","-379","100198","1","0","0","bgm_MC131","0","377","0","bgm_MC131","0","0.8","0","-190","1","-1","188","0.8","0.8","100198","81001029","0.8","0.8"
"0","1","60","0","100198","3","0","0","bgm_MC131","0","0","0","bgm_MC131","0","0","0","0","1","0","0","0","0","100198","81001030","1","0"
"0","1","0","-379","100198","1","0","0","bgm_MC131","0","377","0","bgm_MC131","0","0.8","0","-190","1","-1","188","0.8","0.8","100198","81001031","0.8","0.8"
"0","1","0","-379","100198","1","0","0","bgm_MC131","0","377","0","bgm_MC131","0","0.8","0","-190","1","-1","188","0.8","0.8","100198","81001032","0.8","0.8"
"0","1","0","-379","100198","2","0","0","bgm_MC131","0","377","0","bgm_MC131","0","0.8","0","-190","1","-1","188","0.8","0.8","100198","81001033","0.8","0.8"
"0","1","0","-379","100198","1","0","0","bgm_MC131","0","377","0","bgm_MC131","0","0.8","0","-190","1","-1","188","0.8","0.8","100198","81001034","0.8","0.8"
"0","1","0","-379","100198","1","0","0","bgm_MC131","0","377","0","bgm_MC131","0","0.8","0","-190","1","-1","188","0.8","0.8","100198","81001035","0.8","0.8"
"0","1","0","-379","100198","2","0","0","bgm_MC131","0","377","0","bgm_MC131","0","0.8","0","-190","1","-1","188","0.8","0.8","100198","81001036","0.8","0.8"
"0","1","0","-379","100198","1","0","0","bgm_MC131","0","377","0","bgm_MC131","0","0.8","0","-190","1","-1","188","0.8","0.8","100198","81001037","0.8","0.8"
"0","1","0","-379","100198","1","0","0","bgm_MC131","0","377","0","bgm_MC131","0","0.8","0","-190","1","-1","188","0.8","0.8","100198","81001038","0.8","0.8"
"0","1","0","-379","100198","1","0","0","bgm_MC131","0","377","0","bgm_MC131","0","0.8","0","-190","1","-1","188","0.8","0.8","100198","81001039","0.8","0.8"
"0","0.9","60","0","100198","3","0","0","bgm_MC131","0","0","0","bgm_MC131","0","0","0","0","0.9","0","0","0","0","100198","81001040","2","0"
"0","1","0","-379","100198","1","0","0","bgm_MC131","0","377","0","bgm_MC131","0","0.8","0","-190","1","-1","188","0.8","0.8","100198","81001041","0.8","0.8"
"0","1","0","-379","100198","1","0","0","bgm_MC131","0","377","0","bgm_MC131","0","0.8","0","-190","1","-1","188","0.8","0.8","100198","81001042","0.8","0.8"
"0","1","0","-379","100198","2","0","0","bgm_MC131","0","377","0","bgm_MC131","0","0.8","0","-190","1","-1","188","0.8","0.8","100198","81001043","0.8","0.8"
"0","1","0","-379","100198","1","0","0","bgm_MC131","0","377","0","bgm_MC131","0","0.8","0","-190","1","-1","188","0.8","0.8","100198","81001044","0.8","0.8"
"0","1","0","-379","100198","1","0","0","bgm_MC131","0","377","0","bgm_MC131","0","0.8","0","-190","1","-1","188","0.8","0.8","100198","81001045","0.8","0.8"
"0","1","0","-379","100198","2","0","0","bgm_MC131","0","377","0","bgm_MC131","0","0.8","0","-190","1","-1","188","0.8","0.8","100198","81001046","0.8","0.8"
"0","1","0","-379","100198","1","0","0","bgm_MC131","0","377","0","bgm_MC131","0","0.8","0","-190","1","-1","188","0.8","0.8","100198","81001047","0.8","0.8"
"0","1","0","-379","100198","1","0","0","bgm_MC131","0","377","0","bgm_MC131","0","0.8","0","-190","1","-1","188","0.8","0.8","100198","81001048","0.8","0.8"
"0","1","0","-379","100198","1","0","0","bgm_MC131","0","377","0","bgm_MC131","0","0.8","0","-190","1","-1","188","0.8","0.8","100198","81001049","0.8","0.8"
"0","1","50","0","100198","3","0","0","bgm_MC131","0","0","0","bgm_MC131","0","0","0","0","1","0","0","0","0","100198","81001050","1","0"
"0","1","0","-379","100198","1","0","0","bgm_MC131","0","377","0","bgm_MC131","0","0.8","0","-190","1","-1","188","0.8","0.8","100198","81001051","0.8","0.8"
"0","1","0","-379","100198","1","0","0","bgm_MC131","0","377","0","bgm_MC131","0","0.8","0","-190","1","-1","188","0.8","0.8","100198","81001052","0.8","0.8"
"0","1","0","-379","100198","2","0","0","bgm_MC131","0","377","0","bgm_MC131","0","0.8","0","-190","1","-1","188","0.8","0.8","100198","81001053","0.8","0.8"
"0","1","0","-379","100198","1","0","0","bgm_MC131","0","377","0","bgm_MC131","0","0.8","0","-190","1","-1","188","0.8","0.8","100198","81001054","0.8","0.8"
"0","1","0","-379","100198","1","0","0","bgm_MC131","0","377","0","bgm_MC131","0","0.8","0","-190","1","-1","188","0.8","0.8","100198","81001055","0.8","0.8"
"0","1","0","-379","100198","2","0","0","bgm_MC131","0","377","0","bgm_MC131","0","0.8","0","-190","1","-1","188","0.8","0.8","100198","81001056","0.8","0.8"
"0","1","0","-379","100198","1","0","0","bgm_MC131","0","377","0","bgm_MC131","0","0.8","0","-190","1","-1","188","0.8","0.8","100198","81001057","0.8","0.8"
"0","1","0","-379","100198","1","0","0","bgm_MC131","0","377","0","bgm_MC131","0","0.8","0","-190","1","-1","188","0.8","0.8","100198","81001058","0.8","0.8"
"0","1","0","-379","100198","1","0","0","bgm_MC131","0","377","0","bgm_MC131","0","0.8","0","-190","1","-1","188","0.8","0.8","100198","81001059","0.8","0.8"
"0","1.1","50","-25","100198","3","-30","0","bgm_MC131","0","0","0","bgm_MC131","0","0","0","0","1.1","0","0","0","0","100198","81001060","0.9","0"
"0","1","0","-379","100198","1","0","0","bgm_MC131","0","377","0","bgm_MC131","0","0.8","0","-190","1","-1","188","0.8","0.8","100198","81001061","0.8","0.8"
"0","1","0","-379","100198","1","0","0","bgm_MC131","0","377","0","bgm_MC131","0","0.8","0","-190","1","-1","188","0.8","0.8","100198","81001062","0.8","0.8"
"0","1","0","-379","100198","2","0","0","bgm_MC131","0","377","0","bgm_MC131","0","0.8","0","-190","1","-1","188","0.8","0.8","100198","81001063","0.8","0.8"
"0","1","0","-379","100198","1","0","0","bgm_MC131","0","377","0","bgm_MC131","0","0.8","0","-190","1","-1","188","0.8","0.8","100198","81001064","0.8","0.8"
"0","1","0","-379","100198","1","0","0","bgm_MC131","0","377","0","bgm_MC131","0","0.8","0","-190","1","-1","188","0.8","0.8","100198","81001065","0.8","0.8"
"0","1","0","-379","100198","2","0","0","bgm_MC131","0","377","0","bgm_MC131","0","0.8","0","-190","1","-1","188","0.8","0.8","100198","81001066","0.8","0.8"
"0","1","0","-379","100198","1","0","0","bgm_MC131","0","377","0","bgm_MC131","0","0.8","0","-190","1","-1","188","0.8","0.8","100198","81001067","0.8","0.8"
"0","1","0","-379","100198","1","0","0","bgm_MC131","0","377","0","bgm_MC131","0","0.8","0","-190","1","-1","188","0.8","0.8","100198","81001068","0.8","0.8"
"0","1","0","-379","100198","1","0","0","bgm_MC131","0","377","0","bgm_MC131","0","0.8","0","-190","1","-1","188","0.8","0.8","100198","81001069","0.8","0.8"
"-10","1.4","70","0","100198","3","0","0","bgm_MC131","0","0","0","bgm_MC131","0","0","0","0","1.4","0","0","0","0","100198","81001070","1.1","0"
"0","1","0","-379","100198","1","0","0","bgm_MC131","0","377","0","bgm_MC131","0","0.8","0","-190","1","-1","188","0.8","0.8","100198","81001071","0.8","0.8"
"0","1","0","-379","100198","1","0","0","bgm_MC131","0","377","0","bgm_MC131","0","0.8","0","-190","1","-1","188","0.8","0.8","100198","81001072","0.8","0.8"
"0","1","0","-379","100198","2","0","0","bgm_MC131","0","377","0","bgm_MC131","0","0.8","0","-190","1","-1","188","0.8","0.8","100198","81001073","0.8","0.8"
"0","1","0","-379","100198","1","0","0","bgm_MC131","0","377","0","bgm_MC131","0","0.8","0","-190","1","-1","188","0.8","0.8","100198","81001074","0.8","0.8"
"0","1","0","-379","100198","1","0","0","bgm_MC131","0","377","0","bgm_MC131","0","0.8","0","-190","1","-1","188","0.8","0.8","100198","81001075","0.8","0.8"
"0","1","0","-379","100198","2","0","0","bgm_MC131","0","377","0","bgm_MC131","0","0.8","0","-190","1","-1","188","0.8","0.8","100198","81001076","0.8","0.8"
"0","1","0","-379","100198","1","0","0","bgm_MC131","0","377","0","bgm_MC131","0","0.8","0","-190","1","-1","188","0.8","0.8","100198","81001077","0.8","0.8"
"0","1","0","-379","100198","1","0","0","bgm_MC131","0","377","0","bgm_MC131","0","0.8","0","-190","1","-1","188","0.8","0.8","100198","81001078","0.8","0.8"
"0","1","0","-379","100198","1","0","0","bgm_MC131","0","377","0","bgm_MC131","0","0.8","0","-190","1","-1","188","0.8","0.8","100198","81001079","0.8","0.8"
"0","1","50","0","100198","3","0","0","bgm_MC131","0","0","0","bgm_MC131","0","0","0","0","1","0","0","0","0","100198","81001080","1.2","0"
"0","1","0","-379","100198","1","0","0","bgm_MC131","0","377","0","bgm_MC131","0","0.8","0","-190","1","-1","188","0.8","0.8","100198","81001081","0.8","0.8"
"0","1","0","-379","100198","1","0","0","bgm_MC131","0","377","0","bgm_MC131","0","0.8","0","-190","1","-1","188","0.8","0.8","100198","81001082","0.8","0.8"
"0","1","0","-379","100198","2","0","0","bgm_MC131","0","377","0","bgm_MC131","0","0.8","0","-190","1","-1","188","0.8","0.8","100198","81001083","0.8","0.8"
"0","1","0","-379","100198","1","0","0","bgm_MC131","0","377","0","bgm_MC131","0","0.8","0","-190","1","-1","188","0.8","0.8","100198","81001084","0.8","0.8"
"0","1","0","-379","100198","1","0","0","bgm_MC131","0","377","0","bgm_MC131","0","0.8","0","-190","1","-1","188","0.8","0.8","100198","81001085","0.8","0.8"
"0","1","0","-379","100198","2","0","0","bgm_MC131","0","377","0","bgm_MC131","0","0.8","0","-190","1","-1","188","0.8","0.8","100198","81001086","0.8","0.8"
"0","1","0","-379","100198","1","0","0","bgm_MC131","0","377","0","bgm_MC131","0","0.8","0","-190","1","-1","188","0.8","0.8","100198","81001087","0.8","0.8"
"0","1","0","-379","100198","1","0","0","bgm_MC131","0","377","0","bgm_MC131","0","0.8","0","-190","1","-1","188","0.8","0.8","100198","81001088","0.8","0.8"
"0","1","0","-379","100198","1","0","0","bgm_MC131","0","377","0","bgm_MC131","0","0.8","0","-190","1","-1","188","0.8","0.8","100198","81001089","0.8","0.8"
"0","1.2","50","0","100198","3","0","0","bgm_MC131","0","0","0","bgm_MC131","0","0","0","0","1.2","0","0","0","0","100198","81001090","1.3","0"
"0","1","0","-379","101822","1","0","0","bgm_MC132","0","377","0","bgm_MC132","0","0.8","0","-190","1","-1","188","0.8","0.8","101822","82001001","0.8","0.8"
"0","1","0","-379","101822","1","0","0","bgm_MC132","0","377","0","bgm_MC132","0","0.8","0","-190","1","-1","188","0.8","0.8","101822","82001002","0.8","0.8"
"0","1","0","-379","101822","1","0","0","bgm_MC132","0","377","0","bgm_MC132","0","0.8","0","-190","1","-1","188","0.8","0.8","101822","82001003","0.8","0.8"
"0","1","0","-379","101822","1","0","0","bgm_MC132","0","377","0","bgm_MC132","0","0.8","0","-190","1","-1","188","0.8","0.8","101822","82001004","0.8","0.8"
"0","1","0","-379","101822","1","0","0","bgm_MC132","0","377","0","bgm_MC132","0","0.8","0","-190","1","-1","188","0.8","0.8","101822","82001005","0.8","0.8"
"0","1","0","-379","101822","2","0","0","bgm_MC132","0","377","0","bgm_MC132","0","0.8","0","-190","1","-1","188","0.8","0.8","101822","82001006","0.8","0.8"
"0","1","0","-379","101822","1","0","0","bgm_MC132","0","377","0","bgm_MC132","0","0.8","0","-190","1","-1","188","0.8","0.8","101822","82001007","0.8","0.8"
"0","1","0","-379","101822","1","0","0","bgm_MC132","0","377","0","bgm_MC132","0","0.8","0","-190","1","-1","188","0.8","0.8","101822","82001008","0.8","0.8"
"0","1","0","-379","101822","1","0","0","bgm_MC132","0","377","0","bgm_MC132","0","0.8","0","-190","1","-1","188","0.8","0.8","101822","82001009","0.8","0.8"
"0","1","65","0","101822","3","0","0","bgm_MC132","0","0","0","bgm_MC132","0","0","0","0","1","0","0","0","0","101822","82001010","0.9","0"
"0","1","0","-379","101822","1","0","0","bgm_MC132","0","377","0","bgm_MC132","0","0.8","0","-190","1","-1","188","0.8","0.8","101822","82001011","0.8","0.8"
"0","1","0","-379","101822","1","0","0","bgm_MC132","0","377","0","bgm_MC132","0","0.8","0","-190","1","-1","188","0.8","0.8","101822","82001012","0.8","0.8"
"0","1","0","-379","101822","2","0","0","bgm_MC132","0","377","0","bgm_MC132","0","0.8","0","-190","1","-1","188","0.8","0.8","101822","82001013","0.8","0.8"
"0","1","0","-379","101822","1","0","0","bgm_MC132","0","377","0","bgm_MC132","0","0.8","0","-190","1","-1","188","0.8","0.8","101822","82001014","0.8","0.8"
"0","1","0","-379","101822","1","0","0","bgm_MC132","0","377","0","bgm_MC132","0","0.8","0","-190","1","-1","188","0.8","0.8","101822","82001015","0.8","0.8"
"0","1","0","-379","101822","2","0","0","bgm_MC132","0","377","0","bgm_MC132","0","0.8","0","-190","1","-1","188","0.8","0.8","101822","82001016","0.8","0.8"
"0","1","0","-379","101822","1","0","0","bgm_MC132","0","377","0","bgm_MC132","0","0.8","0","-190","1","-1","188","0.8","0.8","101822","82001017","0.8","0.8"
"0","1","0","-379","101822","1","0","0","bgm_MC132","0","377","0","bgm_MC132","0","0.8","0","-190","1","-1","188","0.8","0.8","101822","82001018","0.8","0.8"
"0","1","0","-379","101822","1","0","0","bgm_MC132","0","377","0","bgm_MC132","0","0.8","0","-190","1","-1","188","0.8","0.8","101822","82001019","0.8","0.8"
"0","1","50","0","101822","3","0","0","bgm_MC132","0","0","0","bgm_MC132","0","0","0","0","1","0","0","0","0","101822","82001020","0.95","0"
"0","1","0","-379","101822","1","0","0","bgm_MC132","0","377","0","bgm_MC132","0","0.8","0","-190","1","-1","188","0.8","0.8","101822","82001021","0.8","0.8"
"0","1","0","-379","101822","1","0","0","bgm_MC132","0","377","0","bgm_MC132","0","0.8","0","-190","1","-1","188","0.8","0.8","101822","82001022","0.8","0.8"
"0","1","0","-379","101822","2","0","0","bgm_MC132","0","377","0","bgm_MC132","0","0.8","0","-190","1","-1","188","0.8","0.8","101822","82001023","0.8","0.8"
"0","1","0","-379","101822","1","0","0","bgm_MC132","0","377","0","bgm_MC132","0","0.8","0","-190","1","-1","188","0.8","0.8","101822","82001024","0.8","0.8"
"0","1","0","-379","101822","1","0","0","bgm_MC132","0","377","0","bgm_MC132","0","0.8","0","-190","1","-1","188","0.8","0.8","101822","82001025","0.8","0.8"
"0","1","0","-379","101822","2","0","0","bgm_MC132","0","377","0","bgm_MC132","0","0.8","0","-190","1","-1","188","0.8","0.8","101822","82001026","0.8","0.8"
"0","1","0","-379","101822","1","0","0","bgm_MC132","0","377","0","bgm_MC132","0","0.8","0","-190","1","-1","188","0.8","0.8","101822","82001027","0.8","0.8"
"0","1","0","-379","101822","1","0","0","bgm_MC132","0","377","0","bgm_MC132","0","0.8","0","-190","1","-1","188","0.8","0.8","101822","82001028","0.8","0.8"
"0","1","0","-379","101822","1","0","0","bgm_MC132","0","377","0","bgm_MC132","0","0.8","0","-190","1","-1","188","0.8","0.8","101822","82001029","0.8","0.8"
"0","1","60","0","101822","3","0","0","bgm_MC132","0","0","0","bgm_MC132","0","0","0","0","1","0","0","0","0","101822","82001030","1.3","0"
"0","1","0","-379","101822","1","0","0","bgm_MC132","0","377","0","bgm_MC132","0","0.8","0","-190","1","-1","188","0.8","0.8","101822","82001031","0.8","0.8"
"0","1","0","-379","101822","1","0","0","bgm_MC132","0","377","0","bgm_MC132","0","0.8","0","-190","1","-1","188","0.8","0.8","101822","82001032","0.8","0.8"
"0","1","0","-379","101822","2","0","0","bgm_MC132","0","377","0","bgm_MC132","0","0.8","0","-190","1","-1","188","0.8","0.8","101822","82001033","0.8","0.8"
"0","1","0","-379","101822","1","0","0","bgm_MC132","0","377","0","bgm_MC132","0","0.8","0","-190","1","-1","188","0.8","0.8","101822","82001034","0.8","0.8"
"0","1","0","-379","101822","1","0","0","bgm_MC132","0","377","0","bgm_MC132","0","0.8","0","-190","1","-1","188","0.8","0.8","101822","82001035","0.8","0.8"
"0","1","0","-379","101822","2","0","0","bgm_MC132","0","377","0","bgm_MC132","0","0.8","0","-190","1","-1","188","0.8","0.8","101822","82001036","0.8","0.8"
"0","1","0","-379","101822","1","0","0","bgm_MC132","0","377","0","bgm_MC132","0","0.8","0","-190","1","-1","188","0.8","0.8","101822","82001037","0.8","0.8"
"0","1","0","-379","101822","1","0","0","bgm_MC132","0","377","0","bgm_MC132","0","0.8","0","-190","1","-1","188","0.8","0.8","101822","82001038","0.8","0.8"
"0","1","0","-379","101822","1","0","0","bgm_MC132","0","377","0","bgm_MC132","0","0.8","0","-190","1","-1","188","0.8","0.8","101822","82001039","0.8","0.8"
"0","1","60","0","101822","3","0","0","bgm_MC132","0","0","0","bgm_MC132","0","0","0","0","1","0","0","0","0","101822","82001040","1","0"
"0","1","0","-379","101822","1","0","0","bgm_MC132","0","377","0","bgm_MC132","0","0.8","0","-190","1","-1","188","0.8","0.8","101822","82001041","0.8","0.8"
"0","1","0","-379","101822","1","0","0","bgm_MC132","0","377","0","bgm_MC132","0","0.8","0","-190","1","-1","188","0.8","0.8","101822","82001042","0.8","0.8"
"0","1","0","-379","101822","2","0","0","bgm_MC132","0","377","0","bgm_MC132","0","0.8","0","-190","1","-1","188","0.8","0.8","101822","82001043","0.8","0.8"
"0","1","0","-379","101822","1","0","0","bgm_MC132","0","377","0","bgm_MC132","0","0.8","0","-190","1","-1","188","0.8","0.8","101822","82001044","0.8","0.8"
"0","1","0","-379","101822","1","0","0","bgm_MC132","0","377","0","bgm_MC132","0","0.8","0","-190","1","-1","188","0.8","0.8","101822","82001045","0.8","0.8"
"0","1","0","-379","101822","2","0","0","bgm_MC132","0","377","0","bgm_MC132","0","0.8","0","-190","1","-1","188","0.8","0.8","101822","82001046","0.8","0.8"
"0","1","0","-379","101822","1","0","0","bgm_MC132","0","377","0","bgm_MC132","0","0.8","0","-190","1","-1","188","0.8","0.8","101822","82001047","0.8","0.8"
"0","1","0","-379","101822","1","0","0","bgm_MC132","0","377","0","bgm_MC132","0","0.8","0","-190","1","-1","188","0.8","0.8","101822","82001048","0.8","0.8"
"0","1","0","-379","101822","1","0","0","bgm_MC132","0","377","0","bgm_MC132","0","0.8","0","-190","1","-1","188","0.8","0.8","101822","82001049","0.8","0.8"
"0","1","50","0","101822","3","0","0","bgm_MC132","0","0","0","bgm_MC132","0","0","0","0","1","0","0","0","0","101822","82001050","1","0"
"0","1","0","-379","101822","1","0","0","bgm_MC132","0","377","0","bgm_MC132","0","0.8","0","-190","1","-1","188","0.8","0.8","101822","82001051","0.8","0.8"
"0","1","0","-379","101822","1","0","0","bgm_MC132","0","377","0","bgm_MC132","0","0.8","0","-190","1","-1","188","0.8","0.8","101822","82001052","0.8","0.8"
"0","1","0","-379","101822","2","0","0","bgm_MC132","0","377","0","bgm_MC132","0","0.8","0","-190","1","-1","188","0.8","0.8","101822","82001053","0.8","0.8"
"0","1","0","-379","101822","1","0","0","bgm_MC132","0","377","0","bgm_MC132","0","0.8","0","-190","1","-1","188","0.8","0.8","101822","82001054","0.8","0.8"
"0","1","0","-379","101822","1","0","0","bgm_MC132","0","377","0","bgm_MC132","0","0.8","0","-190","1","-1","188","0.8","0.8","101822","82001055","0.8","0.8"
"0","1","0","-379","101822","2","0","0","bgm_MC132","0","377","0","bgm_MC132","0","0.8","0","-190","1","-1","188","0.8","0.8","101822","82001056","0.8","0.8"
"0","1","0","-379","101822","1","0","0","bgm_MC132","0","377","0","bgm_MC132","0","0.8","0","-190","1","-1","188","0.8","0.8","101822","82001057","0.8","0.8"
"0","1","0","-379","101822","1","0","0","bgm_MC132","0","377","0","bgm_MC132","0","0.8","0","-190","1","-1","188","0.8","0.8","101822","82001058","0.8","0.8"
"0","1","0","-379","101822","1","0","0","bgm_MC132","0","377","0","bgm_MC132","0","0.8","0","-190","1","-1","188","0.8","0.8","101822","82001059","0.8","0.8"
"0","1","60","0","101822","3","0","0","bgm_MC132","0","0","0","bgm_MC132","0","0","0","0","1","0","0","0","0","101822","82001060","1.4","0"
"0","1","0","-379","101822","1","0","0","bgm_MC132","0","377","0","bgm_MC132","0","0.8","0","-190","1","-1","188","0.8","0.8","101822","82001061","0.8","0.8"
"0","1","0","-379","101822","1","0","0","bgm_MC132","0","377","0","bgm_MC132","0","0.8","0","-190","1","-1","188","0.8","0.8","101822","82001062","0.8","0.8"
"0","1","0","-379","101822","2","0","0","bgm_MC132","0","377","0","bgm_MC132","0","0.8","0","-190","1","-1","188","0.8","0.8","101822","82001063","0.8","0.8"
"0","1","0","-379","101822","1","0","0","bgm_MC132","0","377","0","bgm_MC132","0","0.8","0","-190","1","-1","188","0.8","0.8","101822","82001064","0.8","0.8"
"0","1","0","-379","101822","1","0","0","bgm_MC132","0","377","0","bgm_MC132","0","0.8","0","-190","1","-1","188","0.8","0.8","101822","82001065","0.8","0.8"
"0","1","0","-379","101822","2","0","0","bgm_MC132","0","377","0","bgm_MC132","0","0.8","0","-190","1","-1","188","0.8","0.8","101822","82001066","0.8","0.8"
"0","1","0","-379","101822","1","0","0","bgm_MC132","0","377","0","bgm_MC132","0","0.8","0","-190","1","-1","188","0.8","0.8","101822","82001067","0.8","0.8"
"0","1","0","-379","101822","1","0","0","bgm_MC132","0","377","0","bgm_MC132","0","0.8","0","-190","1","-1","188","0.8","0.8","101822","82001068","0.8","0.8"
"0","1","0","-379","101822","1","0","0","bgm_MC132","0","377","0","bgm_MC132","0","0.8","0","-190","1","-1","188","0.8","0.8","101822","82001069","0.8","0.8"
"-10","1.2","60","0","101822","3","0","0","bgm_MC132","0","0","0","bgm_MC132","0","0","0","0","1.2","0","0","0","0","101822","82001070","1","0"
"0","1","0","-379","101822","1","0","0","bgm_MC132","0","377","0","bgm_MC132","0","0.8","0","-190","1","-1","188","0.8","0.8","101822","82001071","0.8","0.8"
"0","1","0","-379","101822","1","0","0","bgm_MC132","0","377","0","bgm_MC132","0","0.8","0","-190","1","-1","188","0.8","0.8","101822","82001072","0.8","0.8"
"0","1","0","-379","101822","2","0","0","bgm_MC132","0","377","0","bgm_MC132","0","0.8","0","-190","1","-1","188","0.8","0.8","101822","82001073","0.8","0.8"
"0","1","0","-379","101822","1","0","0","bgm_MC132","0","377","0","bgm_MC132","0","0.8","0","-190","1","-1","188","0.8","0.8","101822","82001074","0.8","0.8"
"0","1","0","-379","101822","1","0","0","bgm_MC132","0","377","0","bgm_MC132","0","0.8","0","-190","1","-1","188","0.8","0.8","101822","82001075","0.8","0.8"
"0","1","0","-379","101822","2","0","0","bgm_MC132","0","377","0","bgm_MC132","0","0.8","0","-190","1","-1","188","0.8","0.8","101822","82001076","0.8","0.8"
"0","1","0","-379","101822","1","0","0","bgm_MC132","0","377","0","bgm_MC132","0","0.8","0","-190","1","-1","188","0.8","0.8","101822","82001077","0.8","0.8"
"0","1","0","-379","101822","1","0","0","bgm_MC132","0","377","0","bgm_MC132","0","0.8","0","-190","1","-1","188","0.8","0.8","101822","82001078","0.8","0.8"
"0","1","0","-379","101822","1","0","0","bgm_MC132","0","377","0","bgm_MC132","0","0.8","0","-190","1","-1","188","0.8","0.8","101822","82001079","0.8","0.8"
"20","1.4","80","0","101822","3","0","0","bgm_MC132","0","0","0","bgm_MC132","0","0","0","0","1.4","0","0","0","0","101822","82001080","1.2","0"
"0","1","0","-379","101822","1","0","0","bgm_MC132","0","377","0","bgm_MC132","0","0.8","0","-190","1","-1","188","0.8","0.8","101822","82001081","0.8","0.8"
"0","1","0","-379","101822","1","0","0","bgm_MC132","0","377","0","bgm_MC132","0","0.8","0","-190","1","-1","188","0.8","0.8","101822","82001082","0.8","0.8"
"0","1","0","-379","101822","2","0","0","bgm_MC132","0","377","0","bgm_MC132","0","0.8","0","-190","1","-1","188","0.8","0.8","101822","82001083","0.8","0.8"
"0","1","0","-379","101822","1","0","0","bgm_MC132","0","377","0","bgm_MC132","0","0.8","0","-190","1","-1","188","0.8","0.8","101822","82001084","0.8","0.8"
"0","1","0","-379","101822","1","0","0","bgm_MC132","0","377","0","bgm_MC132","0","0.8","0","-190","1","-1","188","0.8","0.8","101822","82001085","0.8","0.8"
"0","1","0","-379","101822","2","0","0","bgm_MC132","0","377","0","bgm_MC132","0","0.8","0","-190","1","-1","188","0.8","0.8","101822","82001086","0.8","0.8"
"0","1","0","-379","101822","1","0","0","bgm_MC132","0","377","0","bgm_MC132","0","0.8","0","-190","1","-1","188","0.8","0.8","101822","82001087","0.8","0.8"
"0","1","0","-379","101822","1","0","0","bgm_MC132","0","377","0","bgm_MC132","0","0.8","0","-190","1","-1","188","0.8","0.8","101822","82001088","0.8","0.8"
"0","1","0","-379","101822","1","0","0","bgm_MC132","0","377","0","bgm_MC132","0","0.8","0","-190","1","-1","188","0.8","0.8","101822","82001089","0.8","0.8"
"-10","1.4","70","0","101822","3","0","0","bgm_MC132","0","0","0","bgm_MC132","0","0","0","0","1.4","0","0","0","0","101822","82001090","1.5","0"
"0","1","0","-379","101623","1","0","0","bgm_MC133","0","377","0","bgm_MC133","0","0.8","0","-190","1","-1","188","0.8","0.8","101623","83001001","0.8","0.8"
"0","1","0","-379","101623","1","0","0","bgm_MC133","0","377","0","bgm_MC133","0","0.8","0","-190","1","-1","188","0.8","0.8","101623","83001002","0.8","0.8"
"0","1","0","-379","101623","1","0","0","bgm_MC133","0","377","0","bgm_MC133","0","0.8","0","-190","1","-1","188","0.8","0.8","101623","83001003","0.8","0.8"
"0","1","0","-379","101623","1","0","0","bgm_MC133","0","377","0","bgm_MC133","0","0.8","0","-190","1","-1","188","0.8","0.8","101623","83001004","0.8","0.8"
"0","1","0","-379","101623","1","0","0","bgm_MC133","0","377","0","bgm_MC133","0","0.8","0","-190","1","-1","188","0.8","0.8","101623","83001005","0.8","0.8"
"0","1","0","-379","101623","2","0","0","bgm_MC133","0","377","0","bgm_MC133","0","0.8","0","-190","1","-1","188","0.8","0.8","101623","83001006","0.8","0.8"
"0","1","0","-379","101623","1","0","0","bgm_MC133","0","377","0","bgm_MC133","0","0.8","0","-190","1","-1","188","0.8","0.8","101623","83001007","0.8","0.8"
"0","1","0","-379","101623","1","0","0","bgm_MC133","0","377","0","bgm_MC133","0","0.8","0","-190","1","-1","188","0.8","0.8","101623","83001008","0.8","0.8"
"0","1","0","-379","101623","1","0","0","bgm_MC133","0","377","0","bgm_MC133","0","0.8","0","-190","1","-1","188","0.8","0.8","101623","83001009","0.8","0.8"
"0","1","60","0","101623","3","0","0","bgm_MC133","0","0","0","bgm_MC133","0","0","0","0","1","0","0","0","0","101623","83001010","1.2","0"
"0","1","0","-379","101623","1","0","0","bgm_MC133","0","377","0","bgm_MC133","0","0.8","0","-190","1","-1","188","0.8","0.8","101623","83001011","0.8","0.8"
"0","1","0","-379","101623","1","0","0","bgm_MC133","0","377","0","bgm_MC133","0","0.8","0","-190","1","-1","188","0.8","0.8","101623","83001012","0.8","0.8"
"0","1","0","-379","101623","2","0","0","bgm_MC133","0","377","0","bgm_MC133","0","0.8","0","-190","1","-1","188","0.8","0.8","101623","83001013","0.8","0.8"
"0","1","0","-379","101623","1","0","0","bgm_MC133","0","377","0","bgm_MC133","0","0.8","0","-190","1","-1","188","0.8","0.8","101623","83001014","0.8","0.8"
"0","1","0","-379","101623","1","0","0","bgm_MC133","0","377","0","bgm_MC133","0","0.8","0","-190","1","-1","188","0.8","0.8","101623","83001015","0.8","0.8"
"0","1","0","-379","101623","2","0","0","bgm_MC133","0","377","0","bgm_MC133","0","0.8","0","-190","1","-1","188","0.8","0.8","101623","83001016","0.8","0.8"
"0","1","0","-379","101623","1","0","0","bgm_MC133","0","377","0","bgm_MC133","0","0.8","0","-190","1","-1","188","0.8","0.8","101623","83001017","0.8","0.8"
"0","1","0","-379","101623","1","0","0","bgm_MC133","0","377","0","bgm_MC133","0","0.8","0","-190","1","-1","188","0.8","0.8","101623","83001018","0.8","0.8"
"0","1","0","-379","101623","1","0","0","bgm_MC133","0","377","0","bgm_MC133","0","0.8","0","-190","1","-1","188","0.8","0.8","101623","83001019","0.8","0.8"
"0","1","65","0","101623","3","-20","0","bgm_MC133","0","0","0","bgm_MC133","0","0","0","0","1","0","0","0","0","101623","83001020","0.8","0"
"0","1","0","-379","101623","1","0","0","bgm_MC133","0","377","0","bgm_MC133","0","0.8","0","-190","1","-1","188","0.8","0.8","101623","83001021","0.8","0.8"
"0","1","0","-379","101623","1","0","0","bgm_MC133","0","377","0","bgm_MC133","0","0.8","0","-190","1","-1","188","0.8","0.8","101623","83001022","0.8","0.8"
"0","1","0","-379","101623","2","0","0","bgm_MC133","0","377","0","bgm_MC133","0","0.8","0","-190","1","-1","188","0.8","0.8","101623","83001023","0.8","0.8"
"0","1","0","-379","101623","1","0","0","bgm_MC133","0","377","0","bgm_MC133","0","0.8","0","-190","1","-1","188","0.8","0.8","101623","83001024","0.8","0.8"
"0","1","0","-379","101623","1","0","0","bgm_MC133","0","377","0","bgm_MC133","0","0.8","0","-190","1","-1","188","0.8","0.8","101623","83001025","0.8","0.8"
"0","1","0","-379","101623","2","0","0","bgm_MC133","0","377","0","bgm_MC133","0","0.8","0","-190","1","-1","188","0.8","0.8","101623","83001026","0.8","0.8"
"0","1","0","-379","101623","1","0","0","bgm_MC133","0","377","0","bgm_MC133","0","0.8","0","-190","1","-1","188","0.8","0.8","101623","83001027","0.8","0.8"
"0","1","0","-379","101623","1","0","0","bgm_MC133","0","377","0","bgm_MC133","0","0.8","0","-190","1","-1","188","0.8","0.8","101623","83001028","0.8","0.8"
"0","1","0","-379","101623","1","0","0","bgm_MC133","0","377","0","bgm_MC133","0","0.8","0","-190","1","-1","188","0.8","0.8","101623","83001029","0.8","0.8"
"0","1","60","0","101623","3","0","0","bgm_MC133","0","0","0","bgm_MC133","0","0","0","0","1","0","0","0","0","101623","83001030","1.2","0"
"0","1","0","-379","101623","1","0","0","bgm_MC133","0","377","0","bgm_MC133","0","0.8","0","-190","1","-1","188","0.8","0.8","101623","83001031","0.8","0.8"
"0","1","0","-379","101623","1","0","0","bgm_MC133","0","377","0","bgm_MC133","0","0.8","0","-190","1","-1","188","0.8","0.8","101623","83001032","0.8","0.8"
"0","1","0","-379","101623","2","0","0","bgm_MC133","0","377","0","bgm_MC133","0","0.8","0","-190","1","-1","188","0.8","0.8","101623","83001033","0.8","0.8"
"0","1","0","-379","101623","1","0","0","bgm_MC133","0","377","0","bgm_MC133","0","0.8","0","-190","1","-1","188","0.8","0.8","101623","83001034","0.8","0.8"
"0","1","0","-379","101623","1","0","0","bgm_MC133","0","377","0","bgm_MC133","0","0.8","0","-190","1","-1","188","0.8","0.8","101623","83001035","0.8","0.8"
"0","1","0","-379","101623","2","0","0","bgm_MC133","0","377","0","bgm_MC133","0","0.8","0","-190","1","-1","188","0.8","0.8","101623","83001036","0.8","0.8"
"0","1","0","-379","101623","1","0","0","bgm_MC133","0","377","0","bgm_MC133","0","0.8","0","-190","1","-1","188","0.8","0.8","101623","83001037","0.8","0.8"
"0","1","0","-379","101623","1","0","0","bgm_MC133","0","377","0","bgm_MC133","0","0.8","0","-190","1","-1","188","0.8","0.8","101623","83001038","0.8","0.8"
"0","1","0","-379","101623","1","0","0","bgm_MC133","0","377","0","bgm_MC133","0","0.8","0","-190","1","-1","188","0.8","0.8","101623","83001039","0.8","0.8"
"0","1","70","0","101623","3","0","0","bgm_MC133","0","0","0","bgm_MC133","0","0","0","0","1","0","0","0","0","101623","83001040","1","0"
"0","1","0","-379","101623","1","0","0","bgm_MC133","0","377","0","bgm_MC133","0","0.8","0","-190","1","-1","188","0.8","0.8","101623","83001041","0.8","0.8"
"0","1","0","-379","101623","1","0","0","bgm_MC133","0","377","0","bgm_MC133","0","0.8","0","-190","1","-1","188","0.8","0.8","101623","83001042","0.8","0.8"
"0","1","0","-379","101623","2","0","0","bgm_MC133","0","377","0","bgm_MC133","0","0.8","0","-190","1","-1","188","0.8","0.8","101623","83001043","0.8","0.8"
"0","1","0","-379","101623","1","0","0","bgm_MC133","0","377","0","bgm_MC133","0","0.8","0","-190","1","-1","188","0.8","0.8","101623","83001044","0.8","0.8"
"0","1","0","-379","101623","1","0","0","bgm_MC133","0","377","0","bgm_MC133","0","0.8","0","-190","1","-1","188","0.8","0.8","101623","83001045","0.8","0.8"
"0","1","0","-379","101623","2","0","0","bgm_MC133","0","377","0","bgm_MC133","0","0.8","0","-190","1","-1","188","0.8","0.8","101623","83001046","0.8","0.8"
"0","1","0","-379","101623","1","0","0","bgm_MC133","0","377","0","bgm_MC133","0","0.8","0","-190","1","-1","188","0.8","0.8","101623","83001047","0.8","0.8"
"0","1","0","-379","101623","1","0","0","bgm_MC133","0","377","0","bgm_MC133","0","0.8","0","-190","1","-1","188","0.8","0.8","101623","83001048","0.8","0.8"
"0","1","0","-379","101623","1","0","0","bgm_MC133","0","377","0","bgm_MC133","0","0.8","0","-190","1","-1","188","0.8","0.8","101623","83001049","0.8","0.8"
"0","1","50","0","101623","3","0","0","bgm_MC133","0","0","0","bgm_MC133","0","0","0","0","1","0","0","0","0","101623","83001050","1","0"
"0","1","0","-379","101623","1","0","0","bgm_MC133","0","377","0","bgm_MC133","0","0.8","0","-190","1","-1","188","0.8","0.8","101623","83001051","0.8","0.8"
"0","1","0","-379","101623","1","0","0","bgm_MC133","0","377","0","bgm_MC133","0","0.8","0","-190","1","-1","188","0.8","0.8","101623","83001052","0.8","0.8"
"0","1","0","-379","101623","2","0","0","bgm_MC133","0","377","0","bgm_MC133","0","0.8","0","-190","1","-1","188","0.8","0.8","101623","83001053","0.8","0.8"
"0","1","0","-379","101623","1","0","0","bgm_MC133","0","377","0","bgm_MC133","0","0.8","0","-190","1","-1","188","0.8","0.8","101623","83001054","0.8","0.8"
"0","1","0","-379","101623","1","0","0","bgm_MC133","0","377","0","bgm_MC133","0","0.8","0","-190","1","-1","188","0.8","0.8","101623","83001055","0.8","0.8"
"0","1","0","-379","101623","2","0","0","bgm_MC133","0","377","0","bgm_MC133","0","0.8","0","-190","1","-1","188","0.8","0.8","101623","83001056","0.8","0.8"
"0","1","0","-379","101623","1","0","0","bgm_MC133","0","377","0","bgm_MC133","0","0.8","0","-190","1","-1","188","0.8","0.8","101623","83001057","0.8","0.8"
"0","1","0","-379","101623","1","0","0","bgm_MC133","0","377","0","bgm_MC133","0","0.8","0","-190","1","-1","188","0.8","0.8","101623","83001058","0.8","0.8"
"0","1","0","-379","101623","1","0","0","bgm_MC133","0","377","0","bgm_MC133","0","0.8","0","-190","1","-1","188","0.8","0.8","101623","83001059","0.8","0.8"
"0","1.1","50","0","101623","3","10","0","bgm_MC133","0","0","0","bgm_MC133","0","0","0","0","1.1","0","0","0","0","101623","83001060","1.1","0"
"0","1","0","-379","101623","1","0","0","bgm_MC133","0","377","0","bgm_MC133","0","0.8","0","-190","1","-1","188","0.8","0.8","101623","83001061","0.8","0.8"
"0","1","0","-379","101623","1","0","0","bgm_MC133","0","377","0","bgm_MC133","0","0.8","0","-190","1","-1","188","0.8","0.8","101623","83001062","0.8","0.8"
"0","1","0","-379","101623","2","0","0","bgm_MC133","0","377","0","bgm_MC133","0","0.8","0","-190","1","-1","188","0.8","0.8","101623","83001063","0.8","0.8"
"0","1","0","-379","101623","1","0","0","bgm_MC133","0","377","0","bgm_MC133","0","0.8","0","-190","1","-1","188","0.8","0.8","101623","83001064","0.8","0.8"
"0","1","0","-379","101623","1","0","0","bgm_MC133","0","377","0","bgm_MC133","0","0.8","0","-190","1","-1","188","0.8","0.8","101623","83001065","0.8","0.8"
"0","1","0","-379","101623","2","0","0","bgm_MC133","0","377","0","bgm_MC133","0","0.8","0","-190","1","-1","188","0.8","0.8","101623","83001066","0.8","0.8"
"0","1","0","-379","101623","1","0","0","bgm_MC133","0","377","0","bgm_MC133","0","0.8","0","-190","1","-1","188","0.8","0.8","101623","83001067","0.8","0.8"
"0","1","0","-379","101623","1","0","0","bgm_MC133","0","377","0","bgm_MC133","0","0.8","0","-190","1","-1","188","0.8","0.8","101623","83001068","0.8","0.8"
"0","1","0","-379","101623","1","0","0","bgm_MC133","0","377","0","bgm_MC133","0","0.8","0","-190","1","-1","188","0.8","0.8","101623","83001069","0.8","0.8"
"0","1.2","50","0","101623","3","-10","0","bgm_MC133","0","0","0","bgm_MC133","0","0","0","0","1.2","0","0","0","0","101623","83001070","1.5","0"
"0","1","0","-379","101623","1","0","0","bgm_MC133","0","377","0","bgm_MC133","0","0.8","0","-190","1","-1","188","0.8","0.8","101623","83001071","0.8","0.8"
"0","1","0","-379","101623","1","0","0","bgm_MC133","0","377","0","bgm_MC133","0","0.8","0","-190","1","-1","188","0.8","0.8","101623","83001072","0.8","0.8"
"0","1","0","-379","101623","2","0","0","bgm_MC133","0","377","0","bgm_MC133","0","0.8","0","-190","1","-1","188","0.8","0.8","101623","83001073","0.8","0.8"
"0","1","0","-379","101623","1","0","0","bgm_MC133","0","377","0","bgm_MC133","0","0.8","0","-190","1","-1","188","0.8","0.8","101623","83001074","0.8","0.8"
"0","1","0","-379","101623","1","0","0","bgm_MC133","0","377","0","bgm_MC133","0","0.8","0","-190","1","-1","188","0.8","0.8","101623","83001075","0.8","0.8"
"0","1","0","-379","101623","2","0","0","bgm_MC133","0","377","0","bgm_MC133","0","0.8","0","-190","1","-1","188","0.8","0.8","101623","83001076","0.8","0.8"
"0","1","0","-379","101623","1","0","0","bgm_MC133","0","377","0","bgm_MC133","0","0.8","0","-190","1","-1","188","0.8","0.8","101623","83001077","0.8","0.8"
"0","1","0","-379","101623","1","0","0","bgm_MC133","0","377","0","bgm_MC133","0","0.8","0","-190","1","-1","188","0.8","0.8","101623","83001078","0.8","0.8"
"0","1","0","-379","101623","1","0","0","bgm_MC133","0","377","0","bgm_MC133","0","0.8","0","-190","1","-1","188","0.8","0.8","101623","83001079","0.8","0.8"
"0","1.4","80","0","101623","3","0","0","bgm_MC133","0","0","0","bgm_MC133","0","0","0","0","1.4","0","0","0","0","101623","83001080","1.2","0"
"0","1","0","-379","101623","1","0","0","bgm_MC133","0","377","0","bgm_MC133","0","0.8","0","-190","1","-1","188","0.8","0.8","101623","83001081","0.8","0.8"
"0","1","0","-379","101623","1","0","0","bgm_MC133","0","377","0","bgm_MC133","0","0.8","0","-190","1","-1","188","0.8","0.8","101623","83001082","0.8","0.8"
"0","1","0","-379","101623","2","0","0","bgm_MC133","0","377","0","bgm_MC133","0","0.8","0","-190","1","-1","188","0.8","0.8","101623","83001083","0.8","0.8"
"0","1","0","-379","101623","1","0","0","bgm_MC133","0","377","0","bgm_MC133","0","0.8","0","-190","1","-1","188","0.8","0.8","101623","83001084","0.8","0.8"
"0","1","0","-379","101623","1","0","0","bgm_MC133","0","377","0","bgm_MC133","0","0.8","0","-190","1","-1","188","0.8","0.8","101623","83001085","0.8","0.8"
"0","1","0","-379","101623","2","0","0","bgm_MC133","0","377","0","bgm_MC133","0","0.8","0","-190","1","-1","188","0.8","0.8","101623","83001086","0.8","0.8"
"0","1","0","-379","101623","1","0","0","bgm_MC133","0","377","0","bgm_MC133","0","0.8","0","-190","1","-1","188","0.8","0.8","101623","83001087","0.8","0.8"
"0","1","0","-379","101623","1","0","0","bgm_MC133","0","377","0","bgm_MC133","0","0.8","0","-190","1","-1","188","0.8","0.8","101623","83001088","0.8","0.8"
"0","1","0","-379","101623","1","0","0","bgm_MC133","0","377","0","bgm_MC133","0","0.8","0","-190","1","-1","188","0.8","0.8","101623","83001089","0.8","0.8"
"0","1.1","60","0","101623","3","0","0","bgm_MC133","0","0","0","bgm_MC133","0","0","0","0","1.1","0","0","0","0","101623","83001090","1.35","0"
"0","1","0","-379","103013","1","0","0","bgm_MC134","0","377","0","bgm_MC134","0","0.8","0","-190","1","-1","188","0.8","0.8","103013","84001001","0.8","0.8"
"0","1","0","-379","103013","1","0","0","bgm_MC134","0","377","0","bgm_MC134","0","0.8","0","-190","1","-1","188","0.8","0.8","103013","84001002","0.8","0.8"
"0","1","0","-379","103013","1","0","0","bgm_MC134","0","377","0","bgm_MC134","0","0.8","0","-190","1","-1","188","0.8","0.8","103013","84001003","0.8","0.8"
"0","1","0","-379","103013","1","0","0","bgm_MC134","0","377","0","bgm_MC134","0","0.8","0","-190","1","-1","188","0.8","0.8","103013","84001004","0.8","0.8"
"0","1","0","-379","103013","1","0","0","bgm_MC134","0","377","0","bgm_MC134","0","0.8","0","-190","1","-1","188","0.8","0.8","103013","84001005","0.8","0.8"
"0","1","0","-379","103013","2","0","0","bgm_MC134","0","377","0","bgm_MC134","0","0.8","0","-190","1","-1","188","0.8","0.8","103013","84001006","0.8","0.8"
"0","1","0","-379","103013","1","0","0","bgm_MC134","0","377","0","bgm_MC134","0","0.8","0","-190","1","-1","188","0.8","0.8","103013","84001007","0.8","0.8"
"0","1","0","-379","103013","1","0","0","bgm_MC134","0","377","0","bgm_MC134","0","0.8","0","-190","1","-1","188","0.8","0.8","103013","84001008","0.8","0.8"
"0","1","0","-379","103013","1","0","0","bgm_MC134","0","377","0","bgm_MC134","0","0.8","0","-190","1","-1","188","0.8","0.8","103013","84001009","0.8","0.8"
"0","1","60","0","103013","3","0","0","bgm_MC134","0","0","0","bgm_MC134","0","0","0","0","1","0","0","0","0","103013","84001010","0.8","0"
"0","1","0","-379","103013","1","0","0","bgm_MC134","0","377","0","bgm_MC134","0","0.8","0","-190","1","-1","188","0.8","0.8","103013","84001011","0.8","0.8"
"0","1","0","-379","103013","1","0","0","bgm_MC134","0","377","0","bgm_MC134","0","0.8","0","-190","1","-1","188","0.8","0.8","103013","84001012","0.8","0.8"
"0","1","0","-379","103013","2","0","0","bgm_MC134","0","377","0","bgm_MC134","0","0.8","0","-190","1","-1","188","0.8","0.8","103013","84001013","0.8","0.8"
"0","1","0","-379","103013","1","0","0","bgm_MC134","0","377","0","bgm_MC134","0","0.8","0","-190","1","-1","188","0.8","0.8","103013","84001014","0.8","0.8"
"0","1","0","-379","103013","1","0","0","bgm_MC134","0","377","0","bgm_MC134","0","0.8","0","-190","1","-1","188","0.8","0.8","103013","84001015","0.8","0.8"
"0","1","0","-379","103013","2","0","0","bgm_MC134","0","377","0","bgm_MC134","0","0.8","0","-190","1","-1","188","0.8","0.8","103013","84001016","0.8","0.8"
"0","1","0","-379","103013","1","0","0","bgm_MC134","0","377","0","bgm_MC134","0","0.8","0","-190","1","-1","188","0.8","0.8","103013","84001017","0.8","0.8"
"0","1","0","-379","103013","1","0","0","bgm_MC134","0","377","0","bgm_MC134","0","0.8","0","-190","1","-1","188","0.8","0.8","103013","84001018","0.8","0.8"
"0","1","0","-379","103013","1","0","0","bgm_MC134","0","377","0","bgm_MC134","0","0.8","0","-190","1","-1","188","0.8","0.8","103013","84001019","0.8","0.8"
"0","1","60","0","103013","3","10","0","bgm_MC134","0","0","0","bgm_MC134","0","0","0","0","1","0","0","0","0","103013","84001020","1.3","0"
"0","1","0","-379","103013","1","0","0","bgm_MC134","0","377","0","bgm_MC134","0","0.8","0","-190","1","-1","188","0.8","0.8","103013","84001021","0.8","0.8"
"0","1","0","-379","103013","1","0","0","bgm_MC134","0","377","0","bgm_MC134","0","0.8","0","-190","1","-1","188","0.8","0.8","103013","84001022","0.8","0.8"
"0","1","0","-379","103013","2","0","0","bgm_MC134","0","377","0","bgm_MC134","0","0.8","0","-190","1","-1","188","0.8","0.8","103013","84001023","0.8","0.8"
"0","1","0","-379","103013","1","0","0","bgm_MC134","0","377","0","bgm_MC134","0","0.8","0","-190","1","-1","188","0.8","0.8","103013","84001024","0.8","0.8"
"0","1","0","-379","103013","1","0","0","bgm_MC134","0","377","0","bgm_MC134","0","0.8","0","-190","1","-1","188","0.8","0.8","103013","84001025","0.8","0.8"
"0","1","0","-379","103013","2","0","0","bgm_MC134","0","377","0","bgm_MC134","0","0.8","0","-190","1","-1","188","0.8","0.8","103013","84001026","0.8","0.8"
"0","1","0","-379","103013","1","0","0","bgm_MC134","0","377","0","bgm_MC134","0","0.8","0","-190","1","-1","188","0.8","0.8","103013","84001027","0.8","0.8"
"0","1","0","-379","103013","1","0","0","bgm_MC134","0","377","0","bgm_MC134","0","0.8","0","-190","1","-1","188","0.8","0.8","103013","84001028","0.8","0.8"
"0","1","0","-379","103013","1","0","0","bgm_MC134","0","377","0","bgm_MC134","0","0.8","0","-190","1","-1","188","0.8","0.8","103013","84001029","0.8","0.8"
"0","0.9","65","0","103013","3","-10","0","bgm_MC134","0","0","0","bgm_MC134","0","0","0","0","0.9","0","0","0","0","103013","84001030","1.1","0"
"0","1","0","-379","103013","1","0","0","bgm_MC134","0","377","0","bgm_MC134","0","0.8","0","-190","1","-1","188","0.8","0.8","103013","84001031","0.8","0.8"
"0","1","0","-379","103013","1","0","0","bgm_MC134","0","377","0","bgm_MC134","0","0.8","0","-190","1","-1","188","0.8","0.8","103013","84001032","0.8","0.8"
"0","1","0","-379","103013","2","0","0","bgm_MC134","0","377","0","bgm_MC134","0","0.8","0","-190","1","-1","188","0.8","0.8","103013","84001033","0.8","0.8"
"0","1","0","-379","103013","1","0","0","bgm_MC134","0","377","0","bgm_MC134","0","0.8","0","-190","1","-1","188","0.8","0.8","103013","84001034","0.8","0.8"
"0","1","0","-379","103013","1","0","0","bgm_MC134","0","377","0","bgm_MC134","0","0.8","0","-190","1","-1","188","0.8","0.8","103013","84001035","0.8","0.8"
"0","1","0","-379","103013","2","0","0","bgm_MC134","0","377","0","bgm_MC134","0","0.8","0","-190","1","-1","188","0.8","0.8","103013","84001036","0.8","0.8"
"0","1","0","-379","103013","1","0","0","bgm_MC134","0","377","0","bgm_MC134","0","0.8","0","-190","1","-1","188","0.8","0.8","103013","84001037","0.8","0.8"
"0","1","0","-379","103013","1","0","0","bgm_MC134","0","377","0","bgm_MC134","0","0.8","0","-190","1","-1","188","0.8","0.8","103013","84001038","0.8","0.8"
"0","1","0","-379","103013","1","0","0","bgm_MC134","0","377","0","bgm_MC134","0","0.8","0","-190","1","-1","188","0.8","0.8","103013","84001039","0.8","0.8"
"-20","1","60","0","103013","3","0","0","bgm_MC134","0","0","0","bgm_MC134","0","0","0","0","1","0","0","0","0","103013","84001040","1","0"
"0","1","0","-379","103013","1","0","0","bgm_MC134","0","377","0","bgm_MC134","0","0.8","0","-190","1","-1","188","0.8","0.8","103013","84001041","0.8","0.8"
"0","1","0","-379","103013","1","0","0","bgm_MC134","0","377","0","bgm_MC134","0","0.8","0","-190","1","-1","188","0.8","0.8","103013","84001042","0.8","0.8"
"0","1","0","-379","103013","2","0","0","bgm_MC134","0","377","0","bgm_MC134","0","0.8","0","-190","1","-1","188","0.8","0.8","103013","84001043","0.8","0.8"
"0","1","0","-379","103013","1","0","0","bgm_MC134","0","377","0","bgm_MC134","0","0.8","0","-190","1","-1","188","0.8","0.8","103013","84001044","0.8","0.8"
"0","1","0","-379","103013","1","0","0","bgm_MC134","0","377","0","bgm_MC134","0","0.8","0","-190","1","-1","188","0.8","0.8","103013","84001045","0.8","0.8"
"0","1","0","-379","103013","2","0","0","bgm_MC134","0","377","0","bgm_MC134","0","0.8","0","-190","1","-1","188","0.8","0.8","103013","84001046","0.8","0.8"
"0","1","0","-379","103013","1","0","0","bgm_MC134","0","377","0","bgm_MC134","0","0.8","0","-190","1","-1","188","0.8","0.8","103013","84001047","0.8","0.8"
"0","1","0","-379","103013","1","0","0","bgm_MC134","0","377","0","bgm_MC134","0","0.8","0","-190","1","-1","188","0.8","0.8","103013","84001048","0.8","0.8"
"0","1","0","-379","103013","1","0","0","bgm_MC134","0","377","0","bgm_MC134","0","0.8","0","-190","1","-1","188","0.8","0.8","103013","84001049","0.8","0.8"
"0","1","60","0","103013","3","0","0","bgm_MC134","0","0","0","bgm_MC134","0","0","0","0","1","0","0","0","0","103013","84001050","1","0"
"0","1","0","-379","103013","1","0","0","bgm_MC134","0","377","0","bgm_MC134","0","0.8","0","-190","1","-1","188","0.8","0.8","103013","84001051","0.8","0.8"
"0","1","0","-379","103013","1","0","0","bgm_MC134","0","377","0","bgm_MC134","0","0.8","0","-190","1","-1","188","0.8","0.8","103013","84001052","0.8","0.8"
"0","1","0","-379","103013","2","0","0","bgm_MC134","0","377","0","bgm_MC134","0","0.8","0","-190","1","-1","188","0.8","0.8","103013","84001053","0.8","0.8"
"0","1","0","-379","103013","1","0","0","bgm_MC134","0","377","0","bgm_MC134","0","0.8","0","-190","1","-1","188","0.8","0.8","103013","84001054","0.8","0.8"
"0","1","0","-379","103013","1","0","0","bgm_MC134","0","377","0","bgm_MC134","0","0.8","0","-190","1","-1","188","0.8","0.8","103013","84001055","0.8","0.8"
"0","1","0","-379","103013","2","0","0","bgm_MC134","0","377","0","bgm_MC134","0","0.8","0","-190","1","-1","188","0.8","0.8","103013","84001056","0.8","0.8"
"0","1","0","-379","103013","1","0","0","bgm_MC134","0","377","0","bgm_MC134","0","0.8","0","-190","1","-1","188","0.8","0.8","103013","84001057","0.8","0.8"
"0","1","0","-379","103013","1","0","0","bgm_MC134","0","377","0","bgm_MC134","0","0.8","0","-190","1","-1","188","0.8","0.8","103013","84001058","0.8","0.8"
"0","1","0","-379","103013","1","0","0","bgm_MC134","0","377","0","bgm_MC134","0","0.8","0","-190","1","-1","188","0.8","0.8","103013","84001059","0.8","0.8"
"0","1.1","60","0","103013","3","10","0","bgm_MC134","0","0","0","bgm_MC134","0","0","0","0","1.1","0","0","0","0","103013","84001060","1.25","0"
"0","1","0","-379","103013","1","0","0","bgm_MC134","0","377","0","bgm_MC134","0","0.8","0","-190","1","-1","188","0.8","0.8","103013","84001061","0.8","0.8"
"0","1","0","-379","103013","1","0","0","bgm_MC134","0","377","0","bgm_MC134","0","0.8","0","-190","1","-1","188","0.8","0.8","103013","84001062","0.8","0.8"
"0","1","0","-379","103013","2","0","0","bgm_MC134","0","377","0","bgm_MC134","0","0.8","0","-190","1","-1","188","0.8","0.8","103013","84001063","0.8","0.8"
"0","1","0","-379","103013","1","0","0","bgm_MC134","0","377","0","bgm_MC134","0","0.8","0","-190","1","-1","188","0.8","0.8","103013","84001064","0.8","0.8"
"0","1","0","-379","103013","1","0","0","bgm_MC134","0","377","0","bgm_MC134","0","0.8","0","-190","1","-1","188","0.8","0.8","103013","84001065","0.8","0.8"
"0","1","0","-379","103013","2","0","0","bgm_MC134","0","377","0","bgm_MC134","0","0.8","0","-190","1","-1","188","0.8","0.8","103013","84001066","0.8","0.8"
"0","1","0","-379","103013","1","0","0","bgm_MC134","0","377","0","bgm_MC134","0","0.8","0","-190","1","-1","188","0.8","0.8","103013","84001067","0.8","0.8"
"0","1","0","-379","103013","1","0","0","bgm_MC134","0","377","0","bgm_MC134","0","0.8","0","-190","1","-1","188","0.8","0.8","103013","84001068","0.8","0.8"
"0","1","0","-379","103013","1","0","0","bgm_MC134","0","377","0","bgm_MC134","0","0.8","0","-190","1","-1","188","0.8","0.8","103013","84001069","0.8","0.8"
"0","1.2","60","0","103013","3","-10","0","bgm_MC134","0","0","0","bgm_MC134","0","0","0","0","1.2","0","0","0","0","103013","84001070","1","0"
"0","1","0","-379","103013","1","0","0","bgm_MC134","0","377","0","bgm_MC134","0","0.8","0","-190","1","-1","188","0.8","0.8","103013","84001071","0.8","0.8"
"0","1","0","-379","103013","1","0","0","bgm_MC134","0","377","0","bgm_MC134","0","0.8","0","-190","1","-1","188","0.8","0.8","103013","84001072","0.8","0.8"
"0","1","0","-379","103013","2","0","0","bgm_MC134","0","377","0","bgm_MC134","0","0.8","0","-190","1","-1","188","0.8","0.8","103013","84001073","0.8","0.8"
"0","1","0","-379","103013","1","0","0","bgm_MC134","0","377","0","bgm_MC134","0","0.8","0","-190","1","-1","188","0.8","0.8","103013","84001074","0.8","0.8"
"0","1","0","-379","103013","1","0","0","bgm_MC134","0","377","0","bgm_MC134","0","0.8","0","-190","1","-1","188","0.8","0.8","103013","84001075","0.8","0.8"
"0","1","0","-379","103013","2","0","0","bgm_MC134","0","377","0","bgm_MC134","0","0.8","0","-190","1","-1","188","0.8","0.8","103013","84001076","0.8","0.8"
"0","1","0","-379","103013","1","0","0","bgm_MC134","0","377","0","bgm_MC134","0","0.8","0","-190","1","-1","188","0.8","0.8","103013","84001077","0.8","0.8"
"0","1","0","-379","103013","1","0","0","bgm_MC134","0","377","0","bgm_MC134","0","0.8","0","-190","1","-1","188","0.8","0.8","103013","84001078","0.8","0.8"
"0","1","0","-379","103013","1","0","0","bgm_MC134","0","377","0","bgm_MC134","0","0.8","0","-190","1","-1","188","0.8","0.8","103013","84001079","0.8","0.8"
"0","1.4","70","0","103013","3","-10","0","bgm_MC134","0","0","0","bgm_MC134","0","0","0","0","1.4","0","0","0","0","103013","84001080","1.05","0"
"0","1","0","-379","103013","1","0","0","bgm_MC134","0","377","0","bgm_MC134","0","0.8","0","-190","1","-1","188","0.8","0.8","103013","84001081","0.8","0.8"
"0","1","0","-379","103013","1","0","0","bgm_MC134","0","377","0","bgm_MC134","0","0.8","0","-190","1","-1","188","0.8","0.8","103013","84001082","0.8","0.8"
"0","1","0","-379","103013","2","0","0","bgm_MC134","0","377","0","bgm_MC134","0","0.8","0","-190","1","-1","188","0.8","0.8","103013","84001083","0.8","0.8"
"0","1","0","-379","103013","1","0","0","bgm_MC134","0","377","0","bgm_MC134","0","0.8","0","-190","1","-1","188","0.8","0.8","103013","84001084","0.8","0.8"
"0","1","0","-379","103013","1","0","0","bgm_MC134","0","377","0","bgm_MC134","0","0.8","0","-190","1","-1","188","0.8","0.8","103013","84001085","0.8","0.8"
"0","1","0","-379","103013","2","0","0","bgm_MC134","0","377","0","bgm_MC134","0","0.8","0","-190","1","-1","188","0.8","0.8","103013","84001086","0.8","0.8"
"0","1","0","-379","103013","1","0","0","bgm_MC134","0","377","0","bgm_MC134","0","0.8","0","-190","1","-1","188","0.8","0.8","103013","84001087","0.8","0.8"
"0","1","0","-379","103013","1","0","0","bgm_MC134","0","377","0","bgm_MC134","0","0.8","0","-190","1","-1","188","0.8","0.8","103013","84001088","0.8","0.8"
"0","1","0","-379","103013","1","0","0","bgm_MC134","0","377","0","bgm_MC134","0","0.8","0","-190","1","-1","188","0.8","0.8","103013","84001089","0.8","0.8"
"0","1.3","60","0","103013","3","-10","0","bgm_MC134","0","0","0","bgm_MC134","0","0","0","0","1.3","0","0","0","0","103013","84001090","1.25","0"
"0","1","0","-379","101191","1","0","0","bgm_MC135","0","377","0","bgm_MC135","0","0.8","0","-190","1","-1","188","0.8","0.8","101191","85001001","0.8","0.8"
"0","1","0","-379","101191","1","0","0","bgm_MC135","0","377","0","bgm_MC135","0","0.8","0","-190","1","-1","188","0.8","0.8","101191","85001002","0.8","0.8"
"0","1","0","-379","101191","1","0","0","bgm_MC135","0","377","0","bgm_MC135","0","0.8","0","-190","1","-1","188","0.8","0.8","101191","85001003","0.8","0.8"
"0","1","0","-379","101191","1","0","0","bgm_MC135","0","377","0","bgm_MC135","0","0.8","0","-190","1","-1","188","0.8","0.8","101191","85001004","0.8","0.8"
"0","1","0","-379","101191","1","0","0","bgm_MC135","0","377","0","bgm_MC135","0","0.8","0","-190","1","-1","188","0.8","0.8","101191","85001005","0.8","0.8"
"0","1","0","-379","101191","2","0","0","bgm_MC135","0","377","0","bgm_MC135","0","0.8","0","-190","1","-1","188","0.8","0.8","101191","85001006","0.8","0.8"
"0","1","0","-379","101191","1","0","0","bgm_MC135","0","377","0","bgm_MC135","0","0.8","0","-190","1","-1","188","0.8","0.8","101191","85001007","0.8","0.8"
"0","1","0","-379","101191","1","0","0","bgm_MC135","0","377","0","bgm_MC135","0","0.8","0","-190","1","-1","188","0.8","0.8","101191","85001008","0.8","0.8"
"0","1","0","-379","101191","1","0","0","bgm_MC135","0","377","0","bgm_MC135","0","0.8","0","-190","1","-1","188","0.8","0.8","101191","85001009","0.8","0.8"
"0","1","60","0","101191","3","0","0","bgm_MC135","0","0","0","bgm_MC135","0","0","0","0","1","0","0","0","0","101191","85001010","1","0"
"0","1","0","-379","101191","1","0","0","bgm_MC135","0","377","0","bgm_MC135","0","0.8","0","-190","1","-1","188","0.8","0.8","101191","85001011","0.8","0.8"
"0","1","0","-379","101191","1","0","0","bgm_MC135","0","377","0","bgm_MC135","0","0.8","0","-190","1","-1","188","0.8","0.8","101191","85001012","0.8","0.8"
"0","1","0","-379","101191","2","0","0","bgm_MC135","0","377","0","bgm_MC135","0","0.8","0","-190","1","-1","188","0.8","0.8","101191","85001013","0.8","0.8"
"0","1","0","-379","101191","1","0","0","bgm_MC135","0","377","0","bgm_MC135","0","0.8","0","-190","1","-1","188","0.8","0.8","101191","85001014","0.8","0.8"
"0","1","0","-379","101191","1","0","0","bgm_MC135","0","377","0","bgm_MC135","0","0.8","0","-190","1","-1","188","0.8","0.8","101191","85001015","0.8","0.8"
"0","1","0","-379","101191","2","0","0","bgm_MC135","0","377","0","bgm_MC135","0","0.8","0","-190","1","-1","188","0.8","0.8","101191","85001016","0.8","0.8"
"0","1","0","-379","101191","1","0","0","bgm_MC135","0","377","0","bgm_MC135","0","0.8","0","-190","1","-1","188","0.8","0.8","101191","85001017","0.8","0.8"
"0","1","0","-379","101191","1","0","0","bgm_MC135","0","377","0","bgm_MC135","0","0.8","0","-190","1","-1","188","0.8","0.8","101191","85001018","0.8","0.8"
"0","1","0","-379","101191","1","0","0","bgm_MC135","0","377","0","bgm_MC135","0","0.8","0","-190","1","-1","188","0.8","0.8","101191","85001019","0.8","0.8"
"-10","1","60","0","101191","3","0","0","bgm_MC135","0","0","0","bgm_MC135","0","0","0","0","1","0","0","0","0","101191","85001020","1","0"
"0","1","0","-379","101191","1","0","0","bgm_MC135","0","377","0","bgm_MC135","0","0.8","0","-190","1","-1","188","0.8","0.8","101191","85001021","0.8","0.8"
"0","1","0","-379","101191","1","0","0","bgm_MC135","0","377","0","bgm_MC135","0","0.8","0","-190","1","-1","188","0.8","0.8","101191","85001022","0.8","0.8"
"0","1","0","-379","101191","2","0","0","bgm_MC135","0","377","0","bgm_MC135","0","0.8","0","-190","1","-1","188","0.8","0.8","101191","85001023","0.8","0.8"
"0","1","0","-379","101191","1","0","0","bgm_MC135","0","377","0","bgm_MC135","0","0.8","0","-190","1","-1","188","0.8","0.8","101191","85001024","0.8","0.8"
"0","1","0","-379","101191","1","0","0","bgm_MC135","0","377","0","bgm_MC135","0","0.8","0","-190","1","-1","188","0.8","0.8","101191","85001025","0.8","0.8"
"0","1","0","-379","101191","2","0","0","bgm_MC135","0","377","0","bgm_MC135","0","0.8","0","-190","1","-1","188","0.8","0.8","101191","85001026","0.8","0.8"
"0","1","0","-379","101191","1","0","0","bgm_MC135","0","377","0","bgm_MC135","0","0.8","0","-190","1","-1","188","0.8","0.8","101191","85001027","0.8","0.8"
"0","1","0","-379","101191","1","0","0","bgm_MC135","0","377","0","bgm_MC135","0","0.8","0","-190","1","-1","188","0.8","0.8","101191","85001028","0.8","0.8"
"0","1","0","-379","101191","1","0","0","bgm_MC135","0","377","0","bgm_MC135","0","0.8","0","-190","1","-1","188","0.8","0.8","101191","85001029","0.8","0.8"
"0","1.2","65","0","101191","3","-20","0","bgm_MC135","0","0","0","bgm_MC135","0","0","0","0","1.2","0","0","0","0","101191","85001030","1.25","0"
"0","1","0","-379","101191","1","0","0","bgm_MC135","0","377","0","bgm_MC135","0","0.8","0","-190","1","-1","188","0.8","0.8","101191","85001031","0.8","0.8"
"0","1","0","-379","101191","1","0","0","bgm_MC135","0","377","0","bgm_MC135","0","0.8","0","-190","1","-1","188","0.8","0.8","101191","85001032","0.8","0.8"
"0","1","0","-379","101191","2","0","0","bgm_MC135","0","377","0","bgm_MC135","0","0.8","0","-190","1","-1","188","0.8","0.8","101191","85001033","0.8","0.8"
"0","1","0","-379","101191","1","0","0","bgm_MC135","0","377","0","bgm_MC135","0","0.8","0","-190","1","-1","188","0.8","0.8","101191","85001034","0.8","0.8"
"0","1","0","-379","101191","1","0","0","bgm_MC135","0","377","0","bgm_MC135","0","0.8","0","-190","1","-1","188","0.8","0.8","101191","85001035","0.8","0.8"
"0","1","0","-379","101191","2","0","0","bgm_MC135","0","377","0","bgm_MC135","0","0.8","0","-190","1","-1","188","0.8","0.8","101191","85001036","0.8","0.8"
"0","1","0","-379","101191","1","0","0","bgm_MC135","0","377","0","bgm_MC135","0","0.8","0","-190","1","-1","188","0.8","0.8","101191","85001037","0.8","0.8"
"0","1","0","-379","101191","1","0","0","bgm_MC135","0","377","0","bgm_MC135","0","0.8","0","-190","1","-1","188","0.8","0.8","101191","85001038","0.8","0.8"
"0","1","0","-379","101191","1","0","0","bgm_MC135","0","377","0","bgm_MC135","0","0.8","0","-190","1","-1","188","0.8","0.8","101191","85001039","0.8","0.8"
"0","1","50","0","101191","3","0","0","bgm_MC135","0","0","0","bgm_MC135","0","0","0","0","1","0","0","0","0","101191","85001040","1","0"
"0","1","0","-379","101191","1","0","0","bgm_MC135","0","377","0","bgm_MC135","0","0.8","0","-190","1","-1","188","0.8","0.8","101191","85001041","0.8","0.8"
"0","1","0","-379","101191","1","0","0","bgm_MC135","0","377","0","bgm_MC135","0","0.8","0","-190","1","-1","188","0.8","0.8","101191","85001042","0.8","0.8"
"0","1","0","-379","101191","2","0","0","bgm_MC135","0","377","0","bgm_MC135","0","0.8","0","-190","1","-1","188","0.8","0.8","101191","85001043","0.8","0.8"
"0","1","0","-379","101191","1","0","0","bgm_MC135","0","377","0","bgm_MC135","0","0.8","0","-190","1","-1","188","0.8","0.8","101191","85001044","0.8","0.8"
"0","1","0","-379","101191","1","0","0","bgm_MC135","0","377","0","bgm_MC135","0","0.8","0","-190","1","-1","188","0.8","0.8","101191","85001045","0.8","0.8"
"0","1","0","-379","101191","2","0","0","bgm_MC135","0","377","0","bgm_MC135","0","0.8","0","-190","1","-1","188","0.8","0.8","101191","85001046","0.8","0.8"
"0","1","0","-379","101191","1","0","0","bgm_MC135","0","377","0","bgm_MC135","0","0.8","0","-190","1","-1","188","0.8","0.8","101191","85001047","0.8","0.8"
"0","1","0","-379","101191","1","0","0","bgm_MC135","0","377","0","bgm_MC135","0","0.8","0","-190","1","-1","188","0.8","0.8","101191","85001048","0.8","0.8"
"0","1","0","-379","101191","1","0","0","bgm_MC135","0","377","0","bgm_MC135","0","0.8","0","-190","1","-1","188","0.8","0.8","101191","85001049","0.8","0.8"
"0","1","60","0","101191","3","0","0","bgm_MC135","0","0","0","bgm_MC135","0","0","0","0","1","0","0","0","0","101191","85001050","1","0"
"0","1","0","-379","101191","1","0","0","bgm_MC135","0","377","0","bgm_MC135","0","0.8","0","-190","1","-1","188","0.8","0.8","101191","85001051","0.8","0.8"
"0","1","0","-379","101191","1","0","0","bgm_MC135","0","377","0","bgm_MC135","0","0.8","0","-190","1","-1","188","0.8","0.8","101191","85001052","0.8","0.8"
"0","1","0","-379","101191","2","0","0","bgm_MC135","0","377","0","bgm_MC135","0","0.8","0","-190","1","-1","188","0.8","0.8","101191","85001053","0.8","0.8"
"0","1","0","-379","101191","1","0","0","bgm_MC135","0","377","0","bgm_MC135","0","0.8","0","-190","1","-1","188","0.8","0.8","101191","85001054","0.8","0.8"
"0","1","0","-379","101191","1","0","0","bgm_MC135","0","377","0","bgm_MC135","0","0.8","0","-190","1","-1","188","0.8","0.8","101191","85001055","0.8","0.8"
"0","1","0","-379","101191","2","0","0","bgm_MC135","0","377","0","bgm_MC135","0","0.8","0","-190","1","-1","188","0.8","0.8","101191","85001056","0.8","0.8"
"0","1","0","-379","101191","1","0","0","bgm_MC135","0","377","0","bgm_MC135","0","0.8","0","-190","1","-1","188","0.8","0.8","101191","85001057","0.8","0.8"
"0","1","0","-379","101191","1","0","0","bgm_MC135","0","377","0","bgm_MC135","0","0.8","0","-190","1","-1","188","0.8","0.8","101191","85001058","0.8","0.8"
"0","1","0","-379","101191","1","0","0","bgm_MC135","0","377","0","bgm_MC135","0","0.8","0","-190","1","-1","188","0.8","0.8","101191","85001059","0.8","0.8"
"-10","1","50","10","101191","3","0","0","bgm_MC135","0","0","0","bgm_MC135","0","0","0","0","1","0","0","0","0","101191","85001060","1.2","0"
"0","1","0","-379","101191","1","0","0","bgm_MC135","0","377","0","bgm_MC135","0","0.8","0","-190","1","-1","188","0.8","0.8","101191","85001061","0.8","0.8"
"0","1","0","-379","101191","1","0","0","bgm_MC135","0","377","0","bgm_MC135","0","0.8","0","-190","1","-1","188","0.8","0.8","101191","85001062","0.8","0.8"
"0","1","0","-379","101191","2","0","0","bgm_MC135","0","377","0","bgm_MC135","0","0.8","0","-190","1","-1","188","0.8","0.8","101191","85001063","0.8","0.8"
"0","1","0","-379","101191","1","0","0","bgm_MC135","0","377","0","bgm_MC135","0","0.8","0","-190","1","-1","188","0.8","0.8","101191","85001064","0.8","0.8"
"0","1","0","-379","101191","1","0","0","bgm_MC135","0","377","0","bgm_MC135","0","0.8","0","-190","1","-1","188","0.8","0.8","101191","85001065","0.8","0.8"
"0","1","0","-379","101191","2","0","0","bgm_MC135","0","377","0","bgm_MC135","0","0.8","0","-190","1","-1","188","0.8","0.8","101191","85001066","0.8","0.8"
"0","1","0","-379","101191","1","0","0","bgm_MC135","0","377","0","bgm_MC135","0","0.8","0","-190","1","-1","188","0.8","0.8","101191","85001067","0.8","0.8"
"0","1","0","-379","101191","1","0","0","bgm_MC135","0","377","0","bgm_MC135","0","0.8","0","-190","1","-1","188","0.8","0.8","101191","85001068","0.8","0.8"
"0","1","0","-379","101191","1","0","0","bgm_MC135","0","377","0","bgm_MC135","0","0.8","0","-190","1","-1","188","0.8","0.8","101191","85001069","0.8","0.8"
"0","1.2","60","0","101191","3","0","0","bgm_MC135","0","0","0","bgm_MC135","0","0","0","0","1.2","0","0","0","0","101191","85001070","1.5","0"
"0","1","0","-379","101191","1","0","0","bgm_MC135","0","377","0","bgm_MC135","0","0.8","0","-190","1","-1","188","0.8","0.8","101191","85001071","0.8","0.8"
"0","1","0","-379","101191","1","0","0","bgm_MC135","0","377","0","bgm_MC135","0","0.8","0","-190","1","-1","188","0.8","0.8","101191","85001072","0.8","0.8"
"0","1","0","-379","101191","2","0","0","bgm_MC135","0","377","0","bgm_MC135","0","0.8","0","-190","1","-1","188","0.8","0.8","101191","85001073","0.8","0.8"
"0","1","0","-379","101191","1","0","0","bgm_MC135","0","377","0","bgm_MC135","0","0.8","0","-190","1","-1","188","0.8","0.8","101191","85001074","0.8","0.8"
"0","1","0","-379","101191","1","0","0","bgm_MC135","0","377","0","bgm_MC135","0","0.8","0","-190","1","-1","188","0.8","0.8","101191","85001075","0.8","0.8"
"0","1","0","-379","101191","2","0","0","bgm_MC135","0","377","0","bgm_MC135","0","0.8","0","-190","1","-1","188","0.8","0.8","101191","85001076","0.8","0.8"
"0","1","0","-379","101191","1","0","0","bgm_MC135","0","377","0","bgm_MC135","0","0.8","0","-190","1","-1","188","0.8","0.8","101191","85001077","0.8","0.8"
"0","1","0","-379","101191","1","0","0","bgm_MC135","0","377","0","bgm_MC135","0","0.8","0","-190","1","-1","188","0.8","0.8","101191","85001078","0.8","0.8"
"0","1","0","-379","101191","1","0","0","bgm_MC135","0","377","0","bgm_MC135","0","0.8","0","-190","1","-1","188","0.8","0.8","101191","85001079","0.8","0.8"
"0","1.1","60","0","101191","3","-50","0","bgm_MC135","0","0","0","bgm_MC135","0","0","0","0","1.1","0","0","0","0","101191","85001080","0.8","0"
"0","1","0","-379","101191","1","0","0","bgm_MC135","0","377","0","bgm_MC135","0","0.8","0","-190","1","-1","188","0.8","0.8","101191","85001081","0.8","0.8"
"0","1","0","-379","101191","1","0","0","bgm_MC135","0","377","0","bgm_MC135","0","0.8","0","-190","1","-1","188","0.8","0.8","101191","85001082","0.8","0.8"
"0","1","0","-379","101191","2","0","0","bgm_MC135","0","377","0","bgm_MC135","0","0.8","0","-190","1","-1","188","0.8","0.8","101191","85001083","0.8","0.8"
"0","1","0","-379","101191","1","0","0","bgm_MC135","0","377","0","bgm_MC135","0","0.8","0","-190","1","-1","188","0.8","0.8","101191","85001084","0.8","0.8"
"0","1","0","-379","101191","1","0","0","bgm_MC135","0","377","0","bgm_MC135","0","0.8","0","-190","1","-1","188","0.8","0.8","101191","85001085","0.8","0.8"
"0","1","0","-379","101191","2","0","0","bgm_MC135","0","377","0","bgm_MC135","0","0.8","0","-190","1","-1","188","0.8","0.8","101191","85001086","0.8","0.8"
"0","1","0","-379","101191","1","0","0","bgm_MC135","0","377","0","bgm_MC135","0","0.8","0","-190","1","-1","188","0.8","0.8","101191","85001087","0.8","0.8"
"0","1","0","-379","101191","1","0","0","bgm_MC135","0","377","0","bgm_MC135","0","0.8","0","-190","1","-1","188","0.8","0.8","101191","85001088","0.8","0.8"
"0","1","0","-379","101191","1","0","0","bgm_MC135","0","377","0","bgm_MC135","0","0.8","0","-190","1","-1","188","0.8","0.8","101191","85001089","0.8","0.8"
"20","1.4","80","0","101191","3","0","0","bgm_MC135","0","0","0","bgm_MC135","0","0","0","0","1.4","0","0","0","0","101191","85001090","1.1","0"