94fe68723aa6ed1213277a65f36df858a30b63c9440dae89d3b318beb416d142,51b86abcb9c025c3355d4e12469ec3dec194d20c2109f0d0dabc76ada297e2de,49cb94d338bcc18dd92d586aadbfc30b240c9947a7df18604f882a6127aa1424,c5bc00728e5b0767fa9b9c391bd288b0fbca3253e3d4230b0f96b6b317358afa,022c7c12d686d9877abb7ad0edf62cd98543bb3c0b6c6d30d37dbcbedc4ab347,735e89c43be2ebe880779a57ca3bb6b07caad0a5c0c9d80fb7a692fe745b07aa,519342e5623258780d39d71e815db980348dfb144c78727b6f61655ee2ab5801,4c6755d07e80ab676724f615738d1c0d578735195172d2915ab0333587502159,cb62c3e34bc7f0fa9a8d4e42be40e65041802bc6486417eec6434fd3bc6815be,befbcbdf7b8fc01365db846e2e1422b62bf8802e9aa382d181c0827377e3ea6e,890cce1c623eb7456f44c5bddc3711bd6ecdd261b577b773b4500ca9f20b20b4,642fe4e8e79a2d4f0e2a91d77a8699077a8c24fc0ac68015f6a659aabf7fde14
"180101","128701","108701","破曉之星（日和）","135701","100101001","0","0","0","122401","0","100101"
"180201","122601","108801","破曉之星（優衣）","128901","100201001","136401","0","0","115601","0","100201"
"114001","122501","108901","破曉之星（怜）","128801","100301001","0","0","0","180301","0","100301"
"122801","0","111201","小小甜心（禊）","0","100401001","0","0","0","0","0","100401"
"123901","0","114101","王宮騎士團（茉莉）","0","100501001","0","0","0","0","0","100501"
"124001","0","113701","惡魔偽王國軍（茜里）","0","100601001","0","0","0","0","0","100601"
"119901","0","108201","惡魔偽王國軍（宮子）","0","100701001","0","0","0","0","0","100701"
"126301","0","117601","純白之翼（雪）","0","100801001","0","0","0","0","0","100801"
"121901","0","113201","暮光流星群（杏奈）","0","100901001","0","0","0","0","0","100901"
"116001","131001","110601","哞哞自衛隊（真步）","0","101001001","0","0","0","123101","0","101001"
"119301","0","112901","拉比林斯（璃乃）","0","101101001","0","0","0","137901","0","101101"
"128401","0","113401","森林守衛（初音）","0","101201001","0","0","0","0","0","101201"
"123701","0","113301","暮光流星群（七七香）","0","101301001","0","0","0","0","0","101301"
"115701","137401","112201","哞哞自衛隊（霞）","0","101401001","0","0","0","128501","0","101401"
"124601","0","113501","森林守衛（美里）","0","101501001","0","0","0","0","0","101501"
"117901","0","110001","月光學院（鈴奈）","0","101601001","0","0","0","127301","0","101601"
"117701","0","110501","哞哞自衛隊（香織）","0","101701001","0","0","0","0","0","101701"
"119001","0","110101","月光學院（伊緒）","0","101801001","0","0","0","132901","0","101801"
"122901","0","111301","小小甜心（美美）","0","102001001","0","0","0","0","0","102001"
"121301","0","108501","咲戀育幼院（胡桃）","0","102101001","0","0","0","0","0","102101"
"124101","0","113801","惡魔偽王國軍（依里）","0","102201001","0","0","0","0","0","102201"
"123201","0","108601","咲戀育幼院（綾音）","0","102301001","0","0","0","0","0","102301"
"112101","0","107701","咲戀育幼院（鈴莓）","0","102501001","0","0","0","130801","0","102501"
"123501","0","112701","伊麗莎白牧場（鈴）","0","102601001","0","0","0","0","0","102601"
"117001","0","109001","暮光流星群（惠理子）","0","102701001","0","0","0","129901","0","102701"
"114501","133501","110301","咲戀育幼院（咲戀）","0","102801001","0","0","0","127501","0","102801"
"117201","132201","111601","慈樂之音（望）","0","102901001","0","0","0","124801","0","102901"
"117801","0","109601","純白之翼（妮諾）","0","103001001","0","0","0","137101","0","103001"
"122001","0","108101","惡魔偽王國軍（忍）","0","103101001","0","0","0","127101","0","103101"
"126701","0","114401","墨丘利財團（秋乃）","0","103201001","0","0","0","0","0","103201"
"119201","0","112801","伊麗莎白牧場（真陽）","0","103301001","0","0","0","0","0","103301"
"122201","0","114601","墨丘利財團（優花梨）","0","103401001","0","0","0","126801","0","103401"
"122701","0","111101","小小甜心（鏡華）","0","103601001","0","0","0","130701","0","103601"
"123601","0","114301","王宮騎士團（智）","0","103701001","0","0","0","0","0","103701"
"125401","0","112301","伊麗莎白牧場（栞）","0","103801001","0","0","0","0","0","103801"
"116701","134601","110701","森林守衛（碧）","0","104001001","0","0","0","122101","0","104001"
"117301","0","108401","慈樂之音（千歌）","0","104201001","0","0","0","134401","0","104201"
"115901","0","110401","哞哞自衛隊（真琴）","0","104301001","0","0","0","129801","0","104301"
"120901","0","111701","惡魔偽王國軍（伊莉亞）","0","104401001","0","0","0","126201","0","104401"
"119101","0","109501","純白之翼（空花）","0","104501001","0","0","0","127001","0","104501"
"116801","0","107901","墨丘利財團（珠希）","0","104601001","0","0","0","125101","0","104601"
"124201","0","113601","王宮騎士團（純）","0","104701001","0","0","0","0","0","104701"
"116901","0","108001","墨丘利財團（美冬）","0","104801001","0","0","0","0","0","104801"
"117101","136501","109101","拉比林斯（靜流）","0","104901001","0","0","0","120001","0","104901"
"121401","0","108301","月光學院（美咲）","0","105001001","0","0","0","0","0","105001"
"124701","0","117501","暮光流星群（深月）","0","105101001","0","0","0","0","0","105101"
"0","0","115801","伊麗莎白牧場（莉瑪）","0","105201001","0","0","0","0","0","105201"
"125201","0","114201","純白之翼（莫妮卡）","0","105301001","0","0","0","133201","0","105301"
"117401","0","113901","慈樂之音（紡希）","0","105401001","0","0","0","134801","0","105401"
"121501","0","113001","純白之翼（步未）","0","105501001","0","0","0","0","0","105501"
"120801","0","113101","暮光流星群（流夏）","0","105601001","0","0","0","127601","0","105601"
"0","0","125501","？？？（吉塔）","0","105701001","0","0","0","0","0","105701"
"180401","121001","107501","美食殿堂（貪吃佩可）","127901","105801001","0","0","0","111801","0","105801"
"111901","115501","107601","美食殿堂（可可蘿）","0","105901001","0","0","0","180501","0","105901"
"112001","121101","107801","美食殿堂（凱留）","127201","106001001","0","0","0","180601","0","106001"
"125001","0","114701","？？？（矛依未）","0","106101001","0","0","0","0","0","106101"
"0","0","0","？？？（亞里莎）","0","106301001","0","0","0","0","0","106301"
"181201","0","120701","美食殿堂（雪菲）","0","106401001","0","0","0","135101","0","106401"
"124901","0","116601","龍族巢穴（嘉夜）","0","106501001","0","0","0","0","0","106501"
"121601","0","116501","龍族巢穴（祈梨）","0","106601001","0","0","0","128301","0","106601"
"131801","0","124501","龍族巢穴（帆希）","0","106701001","0","0","0","0","0","106701"
"133701","0","121201","拉比林斯（拉比林斯達）","0","106801001","0","0","0","0","0","106801"
"0","0","0","？？？（霸瞳皇帝）","0","106901001","0","0","0","0","0","106901"
"126601","0","115001","？？？（似似花）","0","107001001","0","0","0","133801","0","107001"
"123801","0","111501","王宮騎士團（克莉絲提娜）","0","107101001","0","0","0","133901","0","107101"
"0","0","0","馬納歷亞（安）","0","109201001","0","0","0","0","0","109201"
"0","0","0","馬納歷亞（露）","0","109301001","0","0","0","0","0","109301"
"0","0","0","馬納歷亞（古蕾婭）","0","109401001","0","0","0","0","0","109401"
"0","0","132101","Re:從零（雷姆）","0","109701001","0","0","0","0","0","109701"
"0","0","0","Re:從零（拉姆）","0","109801001","0","0","0","0","0","109801"
"0","0","131901","Re:從零（愛蜜莉雅）","0","109901001","0","0","0","0","0","109901"
"129401","0","116201","聖德蕾莎女子學院（好朋友社）（克蘿依）","0","110801001","0","0","0","0","0","110801"
"129501","0","116301","聖德蕾莎女子學院（好朋友社）（琪愛兒）","0","110901001","0","0","0","0","0","110901"
"129301","0","116401","聖德蕾莎女子學院（好朋友社）（優妮）","0","111001001","0","0","0","0","0","111001"
"0","0","0","new generations（卯月）","0","112401001","0","0","0","0","0","112401"
"0","0","0","new generations（凜）","0","112501001","0","0","0","0","0","112501"
"0","0","0","new generations（未央）","0","112601001","0","0","0","0","0","112601"
"0","0","128001","克蕾琪塔","0","118001001","0","0","0","0","0","118001"
"134301","0","126901","憤怒軍團（蘭法）","0","118101001","0","0","0","0","0","118101"
"136301","0","131201","憤怒軍團（美空）","0","118201001","0","0","0","0","0","118201"
"0","0","125701","花凜","0","118501001","0","0","0","0","0","118501"
"0","0","0","涅比亞","0","118601001","0","0","0","0","0","118601"
"0","0","0","班比","0","122301001","0","0","0","0","0","122301"
"0","0","131701","愛梅斯","0","123001001","0","0","0","0","0","123001"
"0","0","131101","涅婭","0","123301001","0","0","0","0","0","123301"
"0","0","0","碧卡拉","0","125601001","0","0","0","0","0","125601"
"0","0","131601","莉莉（幻變少女）","0","125801001","0","0","0","0","0","125801"
"0","0","135301","可璃亞（墮落）","0","126001001","0","0","0","0","0","126001"
"0","0","135201","普蕾西亞（墮落）","0","126101001","0","0","0","0","0","126101"
"0","0","134501","克蘿茜","0","126401001","0","0","0","0","0","126401"
"138101","0","132801","萊拉耶爾","0","126501001","0","0","0","0","0","126501"
"0","0","0","琳德","0","127701001","0","0","0","0","0","127701"
"0","0","0","烏爾姆","0","127801001","0","0","0","0","0","127801"
"0","0","135001","厄莉絲","0","129001001","0","0","0","0","0","129001"
"0","0","135401","安涅默涅","0","129601001","0","0","0","0","0","129601"
"0","0","0","涅妃‧涅羅","0","129701001","0","0","0","0","0","129701"
"0","0","0","倭","0","130001001","0","0","0","0","0","130001"
"0","0","0","若菜","0","130101001","0","0","0","0","0","130101"
"0","0","0","布武機","0","130201001","0","0","0","0","0","130201"
"0","0","0","庫露露","0","130901001","0","0","0","0","0","130901"
"0","0","0","艾姬多娜（夏日）","0","132001001","0","0","0","0","0","132001"
"0","0","0","露易絲瑪莉","0","132301001","0","0","0","0","0","132301"
"0","0","0","彩羽","0","132401001","0","0","0","0","0","132401"
"0","0","0","苑","0","132501001","0","0","0","0","0","132501"
"0","0","0","格蕾斯","0","133001001","0","0","0","0","0","133001"
"0","0","0","薇歐莉特","0","133101001","0","0","0","0","0","133101"
"0","0","0","梅杜莎","0","133601001","0","0","0","0","0","133601"
"0","0","0","菲歐","0","134001001","0","0","0","0","0","134001"
"0","0","0","鳳凰","0","134701001","0","0","0","0","0","134701"
"0","0","0","華音","0","134901001","0","0","0","0","0","134901"
"0","0","0","埃拉","0","135501001","0","0","0","0","0","135501"
"0","0","0","志那都","0","135601001","0","0","0","0","0","135601"
"0","0","0","雪野","0","135801001","0","0","0","0","0","135801"
"0","0","0","剎鬼","0","135901001","0","0","0","0","0","135901"
"0","0","0","阿剌克涅","0","136001001","0","0","0","0","0","136001"
"0","0","0","櫻","0","136101001","0","0","0","0","0","136101"
"0","0","0","拿娜","0","136201001","0","0","0","0","0","136201"
"0","0","0","可可蘿（嚮導幼君）","0","137601001","0","0","0","0","0","137601"
"0","0","0","初音＆栞（夏日）","0","180701001","0","0","0","0","0","180701"
"0","0","0","禊＆美美＆鏡華","0","180801001","0","0","0","0","0","180801"
"0","0","0","秋乃＆咲戀","0","180901001","0","0","0","0","0","180901"
"0","0","0","安＆古蕾婭","0","181001001","0","0","0","0","0","181001"
"0","0","0","靜流＆璃乃","0","181101001","0","0","0","0","0","181101"
"0","0","0","日和（花凜對話用）","0","300101001","0","0","0","0","0","100101"
"0","0","0","優衣（花凜對話用）","0","300201001","0","0","0","0","0","100201"
"0","0","0","怜（花凜對話用）","0","300301001","0","0","0","0","0","100301"
"0","0","0","禊（花凜對話用）","0","300401001","0","0","0","0","0","100401"
"0","0","0","茉莉（花凜對話用）","0","300501001","0","0","0","0","0","100501"
"0","0","0","茜里（花凜對話用）","0","300601001","0","0","0","0","0","100601"
"0","0","0","宮子（花凜對話用）","0","300701001","0","0","0","0","0","100701"
"0","0","0","雪（花凜對話用）","0","300801001","0","0","0","0","0","100801"
"0","0","0","杏奈（花凜對話用）","0","300901001","0","0","0","0","0","100901"
"0","0","0","真步（花凜對話用）","0","301001001","0","0","0","0","0","101001"
"0","0","0","璃乃（花凜對話用）","0","301101001","0","0","0","0","0","101101"
"0","0","0","初音（花凜對話用）","0","301201001","0","0","0","0","0","101201"
"0","0","0","七七香（花凜對話用）","0","301301001","0","0","0","0","0","101301"
"0","0","0","霞（花凜對話用）","0","301401001","0","0","0","0","0","101401"
"0","0","0","美里（花凜對話用）","0","301501001","0","0","0","0","0","101501"
"0","0","0","鈴奈（花凜對話用）","0","301601001","0","0","0","0","0","101601"
"0","0","0","香織（花凜對話用）","0","301701001","0","0","0","0","0","101701"
"0","0","0","伊緒（花凜對話用）","0","301801001","0","0","0","0","0","101801"
"0","0","0","美美（花凜對話用）","0","302001001","0","0","0","0","0","102001"
"0","0","0","胡桃（花凜對話用）","0","302101001","0","0","0","0","0","102101"
"0","0","0","依里（花凜對話用）","0","302201001","0","0","0","0","0","102201"
"0","0","0","綾音（花凜對話用）","0","302301001","0","0","0","0","0","102301"
"0","0","0","鈴莓（花凜對話用）","0","302501001","0","0","0","0","0","102501"
"0","0","0","鈴（花凜對話用）","0","302601001","0","0","0","0","0","102601"
"0","0","0","惠理子（花凜對話用）","0","302701001","0","0","0","0","0","102701"
"0","0","0","咲戀（花凜對話用）","0","302801001","0","0","0","0","0","102801"
"0","0","0","望（花凜對話用）","0","302901001","0","0","0","0","0","102901"
"0","0","0","妮諾（花凜對話用）","0","303001001","0","0","0","0","0","103001"
"0","0","0","忍（花凜對話用）","0","303101001","0","0","0","0","0","103101"
"0","0","0","秋乃（花凜對話用）","0","303201001","0","0","0","0","0","103201"
"0","0","0","真陽（花凜對話用）","0","303301001","0","0","0","0","0","103301"
"0","0","0","優花梨（花凜對話用）","0","303401001","0","0","0","0","0","103401"
"0","0","0","鏡華（花凜對話用）","0","303601001","0","0","0","0","0","103601"
"0","0","0","智（花凜對話用）","0","303701001","0","0","0","0","0","103701"
"0","0","0","栞（花凜對話用）","0","303801001","0","0","0","0","0","103801"
"0","0","0","碧（花凜對話用）","0","304001001","0","0","0","0","0","104001"
"0","0","0","千歌（花凜對話用）","0","304201001","0","0","0","0","0","104201"
"0","0","0","真琴（花凜對話用）","0","304301001","0","0","0","0","0","104301"
"0","0","0","伊莉亞（花凜對話用）","0","304401001","0","0","0","0","0","104401"
"0","0","0","空花（花凜對話用）","0","304501001","0","0","0","0","0","104501"
"0","0","0","珠希（花凜對話用）","0","304601001","0","0","0","0","0","104601"
"0","0","0","純（花凜對話用）","0","304701001","0","0","0","0","0","104701"
"0","0","0","美冬（花凜對話用）","0","304801001","0","0","0","0","0","104801"
"0","0","0","靜流（花凜對話用）","0","304901001","0","0","0","0","0","104901"
"0","0","0","美咲（花凜對話用）","0","305001001","0","0","0","0","0","105001"
"0","0","0","深月（花凜對話用）","0","305101001","0","0","0","0","0","105101"
"0","0","0","莉瑪（花凜對話用）","0","305201001","0","0","0","0","0","105201"
"0","0","0","莫妮卡（花凜對話用）","0","305301001","0","0","0","0","0","105301"
"0","0","0","紡希（花凜對話用）","0","305401001","0","0","0","0","0","105401"
"0","0","0","步未（花凜對話用）","0","305501001","0","0","0","0","0","105501"
"0","0","0","流夏（花凜對話用）","0","305601001","0","0","0","0","0","105601"
"0","0","0","貪吃佩可（花凜對話用）","0","305801001","0","0","0","0","0","105801"
"0","0","0","可可蘿（花凜對話用）","0","305901001","0","0","0","0","0","105901"
"0","0","0","凱留（花凜對話用）","0","306001001","0","0","0","0","0","106001"
"0","0","0","雪菲（花凜對話用）","0","306401001","0","0","0","0","0","106401"
"0","0","0","嘉夜（花凜對話用）","0","306501001","0","0","0","0","0","106501"
"0","0","0","祈梨（花凜對話用）","0","306601001","0","0","0","0","0","106601"
"0","0","0","帆稀（花凜對話用）","0","306701001","0","0","0","0","0","106701"
"0","0","0","拉比林斯達（花凜對話用）","0","306801001","0","0","0","0","0","106801"
"0","0","0","克莉絲提娜（花凜對話用）","0","307101001","0","0","0","0","0","107101"
"0","0","0","貪吃佩可（夏日）（花凜對話用）","0","307501001","0","0","0","0","0","107501"
"0","0","0","可可蘿（夏日）（花凜對話用）","0","307601001","0","0","0","0","0","107601"
"0","0","0","鈴莓（夏日）（花凜對話用）","0","307701001","0","0","0","0","0","107701"
"0","0","0","凱留（夏日）（花凜對話用）","0","307801001","0","0","0","0","0","107801"
"0","0","0","珠希（夏日）（花凜對話用）","0","307901001","0","0","0","0","0","107901"
"0","0","0","美冬（夏日）（花凜對話用）","0","308001001","0","0","0","0","0","108001"
"0","0","0","忍（萬聖節）（花凜對話用）","0","308101001","0","0","0","0","0","108101"
"0","0","0","宮子（萬聖節）（花凜對話用）","0","308201001","0","0","0","0","0","108201"
"0","0","0","美咲（萬聖節）（花凜對話用）","0","308301001","0","0","0","0","0","108301"
"0","0","0","千歌（聖誕節）（花凜對話用）","0","308401001","0","0","0","0","0","108401"
"0","0","0","胡桃（聖誕節）（花凜對話用）","0","308501001","0","0","0","0","0","108501"
"0","0","0","綾音（聖誕節）（花凜對話用）","0","308601001","0","0","0","0","0","108601"
"0","0","0","日和（新年）（花凜對話用）","0","308701001","0","0","0","0","0","108701"
"0","0","0","優衣（新年）（花凜對話用）","0","308801001","0","0","0","0","0","108801"
"0","0","0","怜（新年）（花凜對話用）","0","308901001","0","0","0","0","0","108901"
"0","0","0","惠理子（情人節）（花凜對話用）","0","309001001","0","0","0","0","0","109001"
"0","0","0","靜流（情人節）（花凜對話用）","0","309101001","0","0","0","0","0","109101"
"0","0","0","空花（大江戶）（花凜對話用）","0","309501001","0","0","0","0","0","109501"
"0","0","0","妮諾（大江戶）（花凜對話用）","0","309601001","0","0","0","0","0","109601"
"0","0","0","鈴奈（夏日）（花凜對話用）","0","310001001","0","0","0","0","0","110001"
"0","0","0","伊緒（夏日）（花凜對話用）","0","310101001","0","0","0","0","0","110101"
"0","0","0","咲戀（夏日）（花凜對話用）","0","310301001","0","0","0","0","0","110301"
"0","0","0","真琴（夏日）（花凜對話用）","0","310401001","0","0","0","0","0","110401"
"0","0","0","香織（夏日）（花凜對話用）","0","310501001","0","0","0","0","0","110501"
"0","0","0","真步（夏日）（花凜對話用）","0","310601001","0","0","0","0","0","110601"
"0","0","0","碧（插班生）（花凜對話用）","0","310701001","0","0","0","0","0","110701"
"0","0","0","克蘿依（花凜對話用）","0","310801001","0","0","0","0","0","110801"
"0","0","0","琪愛兒（花凜對話用）","0","310901001","0","0","0","0","0","110901"
"0","0","0","優妮（花凜對話用）","0","311001001","0","0","0","0","0","111001"
"0","0","0","鏡華（萬聖節）（花凜對話用）","0","311101001","0","0","0","0","0","111101"
"0","0","0","禊（萬聖節）（花凜對話用）","0","311201001","0","0","0","0","0","111201"
"0","0","0","美美（萬聖節）（花凜對話用）","0","311301001","0","0","0","0","0","111301"
"0","0","0","克莉絲提娜（聖誕節）（花凜對話用）","0","311501001","0","0","0","0","0","111501"
"0","0","0","望（聖誕節）（花凜對話用）","0","311601001","0","0","0","0","0","111601"
"0","0","0","伊莉亞（聖誕節）（花凜對話用）","0","311701001","0","0","0","0","0","111701"
"0","0","0","貪吃佩可（新年）（花凜對話用）","0","311801001","0","0","0","0","0","111801"
"0","0","0","可可蘿（新年）（花凜對話用）","0","311901001","0","0","0","0","0","111901"
"0","0","0","凱留（新年）（花凜對話用）","0","312001001","0","0","0","0","0","112001"
"0","0","0","鈴莓（新年）（花凜對話用）","0","312101001","0","0","0","0","0","112101"
"0","0","0","霞（魔法少女）（花凜對話用）","0","312201001","0","0","0","0","0","112201"
"0","0","0","栞（魔法少女）（花凜對話用）","0","312301001","0","0","0","0","0","112301"
"0","0","0","鈴（遊俠）（花凜對話用）","0","312701001","0","0","0","0","0","112701"
"0","0","0","真陽（遊俠）（花凜對話用）","0","312801001","0","0","0","0","0","112801"
"0","0","0","璃乃（奇幻）（花凜對話用）","0","312901001","0","0","0","0","0","112901"
"0","0","0","步未（奇幻）（花凜對話用）","0","313001001","0","0","0","0","0","113001"
"0","0","0","流夏（夏日）（花凜對話用）","0","313101001","0","0","0","0","0","113101"
"0","0","0","杏奈（夏日）（花凜對話用）","0","313201001","0","0","0","0","0","113201"
"0","0","0","七七香（夏日）（花凜對話用）","0","313301001","0","0","0","0","0","113301"
"0","0","0","初音（夏日）（花凜對話用）","0","313401001","0","0","0","0","0","113401"
"0","0","0","美里（夏日）（花凜對話用）","0","313501001","0","0","0","0","0","113501"
"0","0","0","純（夏日）（花凜對話用）","0","313601001","0","0","0","0","0","113601"
"0","0","0","茜里（天使）（花凜對話用）","0","313701001","0","0","0","0","0","113701"
"0","0","0","依里（天使）（花凜對話用）","0","313801001","0","0","0","0","0","113801"
"0","0","0","紡希（萬聖節）（花凜對話用）","0","313901001","0","0","0","0","0","113901"
"0","0","0","怜（萬聖節）（花凜對話用）","0","314001001","0","0","0","0","0","114001"
"0","0","0","茉莉（萬聖節）（花凜對話用）","0","314101001","0","0","0","0","0","114101"
"0","0","0","莫妮卡（魔法少女）（花凜對話用）","0","314201001","0","0","0","0","0","114201"
"0","0","0","智（魔法少女）（花凜對話用）","0","314301001","0","0","0","0","0","114301"
"0","0","0","秋乃（聖誕節）（花凜對話用）","0","314401001","0","0","0","0","0","114401"
"0","0","0","咲戀（聖誕節）（花凜對話用）","0","314501001","0","0","0","0","0","114501"
"0","0","0","優花梨（聖誕節）（花凜對話用）","0","314601001","0","0","0","0","0","114601"
"0","0","0","可可蘿（祭服）（花凜對話用）","0","315501001","0","0","0","0","0","115501"
"0","0","0","優衣（祭服）（花凜對話用）","0","315601001","0","0","0","0","0","115601"
"0","0","0","霞（夏日）（花凜對話用）","0","315701001","0","0","0","0","0","115701"
"0","0","0","莉瑪（灰姑娘）（花凜對話用）","0","315801001","0","0","0","0","0","115801"
"0","0","0","真琴（灰姑娘）（花凜對話用）","0","315901001","0","0","0","0","0","115901"
"0","0","0","真步（灰姑娘）（花凜對話用）","0","316001001","0","0","0","0","0","116001"
"0","0","0","克蘿依（聖學祭）（花凜對話用）","0","316201001","0","0","0","0","0","116201"
"0","0","0","琪愛兒（聖學祭）（花凜對話用）","0","316301001","0","0","0","0","0","116301"
"0","0","0","優妮（聖學祭）（花凜對話用）","0","316401001","0","0","0","0","0","116401"
"0","0","0","祈梨（時空旅行）（花凜對話用）","0","316501001","0","0","0","0","0","116501"
"0","0","0","嘉夜（時空旅行）（花凜對話用）","0","316601001","0","0","0","0","0","116601"
"0","0","0","碧（工作服）（花凜對話用）","0","316701001","0","0","0","0","0","116701"
"0","0","0","珠希（工作服）（花凜對話用）","0","316801001","0","0","0","0","0","116801"
"0","0","0","美冬（工作服）（花凜對話用）","0","316901001","0","0","0","0","0","116901"
"0","0","0","惠理子（夏日）（花凜對話用）","0","317001001","0","0","0","0","0","117001"
"0","0","0","靜流（夏日）（花凜對話用）","0","317101001","0","0","0","0","0","117101"
"0","0","0","望（夏日）（花凜對話用）","0","317201001","0","0","0","0","0","117201"
"0","0","0","千歌（夏日）（花凜對話用）","0","317301001","0","0","0","0","0","117301"
"0","0","0","紡希（夏日）（花凜對話用）","0","317401001","0","0","0","0","0","117401"
"0","0","0","深月（大江戶）（花凜對話用）","0","317501001","0","0","0","0","0","117501"
"0","0","0","雪（大江戶）（花凜對話用）","0","317601001","0","0","0","0","0","117601"
"0","0","0","香織（萬聖節）（花凜對話用）","0","317701001","0","0","0","0","0","117701"
"0","0","0","妮諾（萬聖節）（花凜對話用）","0","317801001","0","0","0","0","0","117801"
"0","0","0","鈴奈（萬聖節）（花凜對話用）","0","317901001","0","0","0","0","0","117901"
"0","0","0","伊緒（黑暗）（花凜對話用）","0","319001001","0","0","0","0","0","119001"
"0","0","0","空花（黑暗）（花凜對話用）","0","319101001","0","0","0","0","0","119101"
"0","0","0","真陽（聖誕節）（花凜對話用）","0","319201001","0","0","0","0","0","119201"
"0","0","0","璃乃（聖誕節）（花凜對話用）","0","319301001","0","0","0","0","0","119301"
"0","0","0","宮子（聖誕節）（花凜對話用）","0","319901001","0","0","0","0","0","119901"
"0","0","0","靜流（黑暗）（花凜對話用）","0","320001001","0","0","0","0","0","120001"
"0","0","0","雪菲（新年）（花凜對話用）","0","320701001","0","0","0","0","0","120701"
"0","0","0","流夏（新年）（花凜對話用）","0","320801001","0","0","0","0","0","120801"
"0","0","0","伊莉亞（新年）（花凜對話用）","0","320901001","0","0","0","0","0","120901"
"0","0","0","貪吃佩可（超載）（花凜對話用）","0","321001001","0","0","0","0","0","121001"
"0","0","0","凱留（超載）（花凜對話用）","0","321101001","0","0","0","0","0","121101"
"0","0","0","拉比林斯達（超載）（花凜對話用）","0","321201001","0","0","0","0","0","121201"
"0","0","0","胡桃（舞台）（花凜對話用）","0","321301001","0","0","0","0","0","121301"
"0","0","0","美咲（舞台）（花凜對話用）","0","321401001","0","0","0","0","0","121401"
"0","0","0","步未（怪盜）（花凜對話用）","0","321501001","0","0","0","0","0","121501"
"0","0","0","祈梨（怪盜）（花凜對話用）","0","321601001","0","0","0","0","0","121601"
"0","0","0","杏奈（海盜）（花凜對話用）","0","321901001","0","0","0","0","0","121901"
"0","0","0","忍（海盜）（花凜對話用）","0","322001001","0","0","0","0","0","122001"
"0","0","0","碧（露營）（花凜對話用）","0","322101001","0","0","0","0","0","122101"
"0","0","0","優花梨（露營）（花凜對話用）","0","322201001","0","0","0","0","0","122201"
"0","0","0","日和（夏日）（花凜對話用）","0","322401001","0","0","0","0","0","122401"
"0","0","0","怜（夏日）（花凜對話用）","0","322501001","0","0","0","0","0","122501"
"0","0","0","優衣（夏日）（花凜對話用）","0","322601001","0","0","0","0","0","122601"
"0","0","0","鏡華（夏日）（花凜對話用）","0","322701001","0","0","0","0","0","122701"
"0","0","0","禊（夏日）（花凜對話用）","0","322801001","0","0","0","0","0","122801"
"0","0","0","美美（夏日）（花凜對話用）","0","322901001","0","0","0","0","0","122901"
"0","0","0","真步（探險家）（花凜對話用）","0","323101001","0","0","0","0","0","123101"
"0","0","0","綾音（探險家）（花凜對話用）","0","323201001","0","0","0","0","0","123201"
"0","0","0","涅婭（花凜對話用）","0","323301001","0","0","0","0","0","123301"
"0","0","0","鈴（萬聖節）（花凜對話用）","0","323501001","0","0","0","0","0","123501"
"0","0","0","智（萬聖節）（花凜對話用）","0","323601001","0","0","0","0","0","123601"
"0","0","0","七七香（萬聖節）（花凜對話用）","0","323701001","0","0","0","0","0","123701"
"0","0","0","克莉絲提娜（狂野）（花凜對話用）","0","323801001","0","0","0","0","0","123801"
"0","0","0","茉莉（狂野）（花凜對話用）","0","323901001","0","0","0","0","0","123901"
"0","0","0","茜里（聖誕節）（花凜對話用）","0","324001001","0","0","0","0","0","124001"
"0","0","0","依里（聖誕節）（花凜對話用）","0","324101001","0","0","0","0","0","124101"
"0","0","0","純（聖誕節）（花凜對話用）","0","324201001","0","0","0","0","0","124201"
"0","0","0","帆稀（新年）（花凜對話用）","0","324501001","0","0","0","0","0","124501"
"0","0","0","美里（新年）（花凜對話用）","0","324601001","0","0","0","0","0","124601"
"0","0","0","深月（新年）（花凜對話用）","0","324701001","0","0","0","0","0","124701"
"0","0","0","望（解放者）（花凜對話用）","0","324801001","0","0","0","0","0","124801"
"0","0","0","嘉夜（解放者）（花凜對話用）","0","324901001","0","0","0","0","0","124901"
"0","0","0","矛依未（解放者）（花凜對話用）","0","325001001","0","0","0","0","0","125001"
"0","0","0","珠希（咖啡廳）（花凜對話用）","0","325101001","0","0","0","0","0","125101"
"0","0","0","莫妮卡（咖啡廳）（花凜對話用）","0","325201001","0","0","0","0","0","125201"
"0","0","0","可可蘿（遊俠）（花凜對話用）","0","325301001","0","0","0","0","0","125301"
"0","0","0","栞（遊俠）（花凜對話用）","0","325401001","0","0","0","0","0","125401"
"0","0","0","莉莉（墮落）（花凜對話用）","0","325801001","0","0","0","0","0","125801"
"0","0","0","可璃亞（墮落）（花凜對話用）","0","326001001","0","0","0","0","0","126001"
"0","0","0","普蕾西亞（墮落）（花凜對話用）","0","326101001","0","0","0","0","0","126101"
"0","0","0","伊莉亞（祭服）（花凜對話用）","0","326201001","0","0","0","0","0","126201"
"0","0","0","雪（祭服）（花凜對話用）","0","326301001","0","0","0","0","0","126301"
"0","0","0","秋乃（夏日）（花凜對話用）","0","326701001","0","0","0","0","0","126701"
"0","0","0","優花梨（夏日）（花凜對話用）","0","326801001","0","0","0","0","0","126801"
"0","0","0","空花（夏日）（花凜對話用）","0","327001001","0","0","0","0","0","127001"
"0","0","0","忍（夏日）（花凜對話用）","0","327101001","0","0","0","0","0","127101"
"0","0","0","凱留（插班生）（花凜對話用）","0","327201001","0","0","0","0","0","127201"
"0","0","0","鈴奈（插班生）（花凜對話用）","0","327301001","0","0","0","0","0","127301"
"0","0","0","咲戀（薩拉薩利亞）（花凜對話用）","0","327501001","0","0","0","0","0","127501"
"0","0","0","流夏（薩拉薩利亞）（花凜對話用）","0","327601001","0","0","0","0","0","127601"
"0","0","0","貪吃佩可（聖誕節）（花凜對話用）","0","327901001","0","0","0","0","0","127901"
"0","0","0","祈梨（新年）（花凜對話用）","0","328301001","0","0","0","0","0","128301"
"0","0","0","初音（新年）（花凜對話用）","0","328401001","0","0","0","0","0","128401"
"0","0","0","霞（新年）（花凜對話用）","0","328501001","0","0","0","0","0","128501"
"0","0","0","日和（星素）（花凜對話用）","0","328701001","0","0","0","0","0","128701"
"0","0","0","怜（星素）（花凜對話用）","0","328801001","0","0","0","0","0","128801"
"0","0","0","優衣（星素）（花凜對話用）","0","328901001","0","0","0","0","0","128901"
"0","0","0","優妮（冬日）（花凜對話用）","0","329301001","0","0","0","0","0","129301"
"0","0","0","克蘿依（冬日）（花凜對話用）","0","329401001","0","0","0","0","0","129401"
"0","0","0","琪愛兒（冬日）（花凜對話用）","0","329501001","0","0","0","0","0","129501"
"0","0","0","真琴（指揮官）（花凜對話用）","0","329801001","0","0","0","0","0","129801"
"0","0","0","惠理子（指揮官）（花凜對話用）","0","329901001","0","0","0","0","0","129901"
"0","0","0","鏡華（春日）（花凜對話用）","0","330701001","0","0","0","0","0","130701"
"0","0","0","鈴莓（春日）（花凜對話用）","0","330801001","0","0","0","0","0","130801"
"0","0","0","真步（夢想樂園）（花凜對話用）","0","331001001","0","0","0","0","0","131001"
"0","0","0","莉莉（夏日）（花凜對話用）","0","331601001","0","0","0","0","0","131601"
"0","0","0","帆稀（夏日）（花凜對話用）","0","331801001","0","0","0","0","0","131801"
"0","0","0","望（鍊金術師）（花凜對話用）","0","332201001","0","0","0","0","0","132201"
"0","0","0","伊緒（聖誕節）（花凜對話用）","0","332901001","0","0","0","0","0","132901"
"0","0","0","莫妮卡（新年）（花凜對話用）","0","333201001","0","0","0","0","0","133201"
"0","0","0","咲戀（新年）（花凜對話用）","0","333501001","0","0","0","0","0","133501"
"0","0","0","拉比林斯達（始源）（花凜對話用）","0","333701001","0","0","0","0","0","133701"
"0","0","0","克莉絲提娜（始源）（花凜對話用）","0","333901001","0","0","0","0","0","133901"
"0","0","0","千歌（祭服）（花凜對話用）","0","334401001","0","0","0","0","0","134401"
"0","0","0","碧（駕駛員）（花凜對話用）","0","334601001","0","0","0","0","0","134601"
"0","0","0","紡希（吉歐‧格黑納）（花凜對話用）","0","334801001","0","0","0","0","0","134801"
"0","0","0","雪菲（夏日）（花凜對話用）","0","335101001","0","0","0","0","0","135101"
"0","0","0","普蕾西亞（夏日）（花凜對話用）","0","335201001","0","0","0","0","0","135201"
"0","0","0","可璃亞（夏日）（花凜對話用）","0","335301001","0","0","0","0","0","135301"
"0","0","0","日和（薩拉薩利亞）（花凜對話用）","0","335401001","0","0","0","0","0","135701"
"0","0","0","優衣（聖誕節）（花凜對話用）","0","336401001","0","0","0","0","0","136401"
"0","0","0","靜流（新年）（花凜對話用）","0","336501001","0","0","0","0","0","136501"
"0","0","0","妮諾（夏日）（花凜對話用）","0","337101001","0","0","0","0","0","137101"
"0","0","0","霞（修女）（花凜對話用）","0","337401001","0","0","0","0","0","137401"
"0","0","0","可可蘿（嚮導幼君）（花凜對話用）","0","337601001","0","0","0","0","0","137601"
"0","0","0","璃乃（新年）（花凜對話用）","0","337901001","0","0","0","0","0","137901"
"0","0","0","日和（公主）（花凜對話用）","0","380101001","0","0","0","0","0","180101"
"0","0","0","優衣（公主）（花凜對話用）","0","380201001","0","0","0","0","0","180201"
"0","0","0","怜（公主）（花凜對話用）","0","380301001","0","0","0","0","0","180301"
"0","0","0","貪吃佩可（公主）（花凜對話用）","0","380401001","0","0","0","0","0","180401"
"0","0","0","可可蘿（公主）（花凜對話用）","0","380501001","0","0","0","0","0","180501"
"0","0","0","凱留（公主）（花凜對話用）","0","380601001","0","0","0","0","0","180601"
"0","0","0","禊＆美美＆鏡華（花凜對話用）","0","380801001","0","0","0","0","0","180801"
"0","0","0","靜流＆璃乃（花凜對話用）","0","381101001","0","0","0","0","0","181101"
"0","0","0","雪菲（公主）（花凜對話用）","0","381201001","0","0","0","0","0","181201"